"GEO_NAME_SHORT","DIM_TIME","VALUE_NUMERIC"
"Botswana",2000,8.18
"Canada",2000,14.82
"Albania",2000,8.17
"Armenia",2000,3.87
"Chile",2000,10.96
"Denmark",2000,12.78
"China",2000,6.09
"Cameroon",2000,4.43
"Democratic Republic of the Congo",2000,2.5
"Cabo Verde",2000,7.5
"Estonia",2000,10.8
"Andorra",2000,30.57
"Burundi",2000,5.94
"Argentina",2000,17.82
"Antigua and Barbuda",2000,11.86
"Austria",2000,13.38
"Bahrain",2000,10.27
"Côte d'Ivoire",2000,4.56
"Comoros",2000,9.16
"Ethiopia",2000,7.03
"Gambia",2000,6.31
"Honduras",2000,13.68
"Jordan",2000,12.69
"Kenya",2000,7.09
"Bulgaria",2000,8.08
"Bhutan",2000,7.66
"Grenada",2000,7.24
"Iceland",2000,16.04
"Monaco",2000,6.9
"Benin",2000,5.16
"Cook Islands",2000,9.63
"Algeria",2000,8.79
"Egypt",2000,6.66
"Eritrea",2000,2.14
"Spain",2000,12.58
"France",2000,13.5
"Guatemala",2000,14.08
"Haiti",2000,13.94
"Italy",2000,11.81
"Kuwait",2000,4.37
"Maldives",2000,8.83
"Brunei Darussalam",2000,5.72
"Switzerland",2000,7.84
"Finland",2000,11.2
"Costa Rica",2000,25.26
"Cyprus",2000,6.33
"Germany",2000,16.19
"Jamaica",2000,11.84
"Niger",2000,8.37
"Ghana",2000,6.01
"Japan",2000,15.07
"Liberia",2000,4.96
"Mali",2000,6.67
"Panama",2000,19.78
"Australia",2000,14.6
"Azerbaijan",2000,4.75
"Bangladesh",2000,5.21
"Bolivia (Plurinational State of)",2000,8.3
"Colombia",2000,14.88
"Cuba",2000,10.8
"Djibouti",2000,6.08
"Dominican Republic",2000,11.77
"Guinea-Bissau",2000,13.39
"Croatia",2000,13.8
"Indonesia",2000,3.59
"Latvia",2000,7.43
"Malawi",2000,7.04
"Niue",2000,6.55
"United Kingdom of Great Britain and Northern Ireland",2000,15.61
"Georgia",2000,4.85
"Greece",2000,9.61
"Hungary",2000,9.86
"India",2000,3.29
"Iran (Islamic Republic of)",2000,10.95
"Israel",2000,9.43
"Republic of Korea",2000,8.32
"Luxembourg",2000,12.99
"Morocco",2000,4.12
"Kyrgyzstan",2000,7.06
"Sri Lanka",2000,10.14
"Lithuania",2000,10.57
"Madagascar",2000,11.52
"Marshall Islands",2000,17.09
"Myanmar",2000,1.36
"Mongolia",2000,12.25
"Mozambique",2000,6.32
"Mauritania",2000,2.51
"Pakistan",2000,6.32
"Papua New Guinea",2000,8.32
"Paraguay",2000,11.69
"Qatar",2000,3.94
"Sudan",2000,11.77
"Suriname",2000,11.65
"Malta",2000,11.78
"Nepal",2000,4.25
"El Salvador",2000,18.81
"Tajikistan",2000,4.62
"Angola",2001,5.97
"Turkmenistan",2000,13.34
"Trinidad and Tobago",2000,6.79
"United States of America",2000,16.16
"Austria",2001,13.29
"China",2001,5.59
"Côte d'Ivoire",2001,4.46
"Congo",2001,3.32
"Cook Islands",2001,9.63
"Cabo Verde",2001,11.17
"Costa Rica",2001,24.56
"Burkina Faso",2000,4.85
"Ecuador",2000,4.14
"Guyana",2000,7.82
"Lebanon",2000,7.54
"Saint Lucia",2000,8.09
"Philippines",2000,6.52
"Rwanda",2000,3.54
"Seychelles",2000,6.83
"Syrian Arab Republic",2000,5.65
"Ukraine",2000,7.08
"Uruguay",2000,14.34
"Vanuatu",2000,9.7
"Bangladesh",2001,3.58
"Bahamas",2001,13.24
"Ghana",2001,7.19
"Cambodia",2000,8.59
"Republic of Moldova",2000,8.53
"Nicaragua",2000,12.48
"Poland",2000,8.38
"Portugal",2000,14.06
"Namibia",2000,15.98
"Nigeria",2000,2.37
"Saudi Arabia",2000,9.16
"Samoa",2000,11.8
"Albania",2001,8.42
"Romania",2000,8.66
"Sweden",2000,11.67
"Chad",2000,11.4
"Uganda",2000,8.33
"Andorra",2001,18.4
"United Arab Emirates",2001,7.58
"Azerbaijan",2001,4.71
"Burundi",2001,6.66
"Belgium",2001,12.43
"Belize",2001,6.83
"Bolivia (Plurinational State of)",2001,8.18
"Brazil",2001,9.7
"Bhutan",2001,6.55
"Botswana",2001,8.18
"Switzerland",2001,8.7
"Germany",2001,16.36
"Algeria",2001,9.36
"Georgia",2001,6.75
"Greece",2001,10.98
"Indonesia",2001,3.96
"Iran (Islamic Republic of)",2001,11.87
"Italy",2001,12.2
"Jamaica",2001,8.2
"Kazakhstan",2001,8.41
"Saint Kitts and Nevis",2001,6.17
"Saint Lucia",2001,8.09
"Morocco",2001,4.23
"Monaco",2001,6.7
"Mexico",2001,10.26
"Mauritania",2001,2.42
"Mauritius",2000,6.88
"Oman",2000,7.03
"Senegal",2000,8.96
"Singapore",2000,7.39
"Solomon Islands",2000,23.11
"Sao Tome and Principe",2000,31.91
"Tonga",2000,11.41
"Venezuela (Bolivarian Republic of)",2000,11.89
"Bulgaria",2001,9.47
"Eritrea",2001,2.01
"Finland",2001,11.69
"United Kingdom of Great Britain and Northern Ireland",2001,15.91
"Guinea-Bissau",2001,15.14
"Kiribati",2001,11.41
"Republic of Moldova",2001,9.71
"Slovakia",2000,8.79
"Slovenia",2000,11.72
"Armenia",2001,5.66
"Burkina Faso",2001,4.94
"Brunei Darussalam",2001,5.97
"Democratic Republic of the Congo",2001,2.5
"Czechia",2001,11.84
"Mozambique",2001,6.32
"New Zealand",2001,15.17
"Seychelles",2001,8.03
"Nauru",2000,23.97
"Peru",2000,10.77
"Dominican Republic",2001,10.83
"Ireland",2001,15.59
"Israel",2001,9.36
"Palau",2000,8.19
"Sierra Leone",2000,12.7
"Togo",2000,2.44
"Thailand",2000,12.67
"Tunisia",2000,10.54
"United Republic of Tanzania",2000,6.05
"Uzbekistan",2000,6.11
"Argentina",2001,17.37
"Antigua and Barbuda",2001,12.12
"Australia",2001,14.71
"Barbados",2001,12.38
"Spain",2001,12.69
"Estonia",2001,10.7
"France",2001,13.65
"Micronesia (Federated States of)",2001,2.86
"Gabon",2001,4.54
"Equatorial Guinea",2001,1.41
"Grenada",2001,7.26
"Kuwait",2001,5.86
"Madagascar",2001,12.27
"Mongolia",2001,9.95
"Niger",2001,8.34
"Romania",2001,9.61
"San Marino",2001,19.72
"Serbia",2001,13.57
"Suriname",2001,8.52
"Slovakia",2001,10.37
"Tajikistan",2001,4.76
"Tonga",2001,12.74
"Tunisia",2001,10.58
"Benin",2001,6
"Cameroon",2001,5.34
"Marshall Islands",2001,13.46
"Malawi",2001,7.04
"Nepal",2001,4.53
"Niue",2001,30.24
"Netherlands (Kingdom of the)",2001,13.08
"Panama",2001,18.73
"Sudan",2001,11.37
"Senegal",2001,9.01
"Solomon Islands",2001,35.97
"Trinidad and Tobago",2001,7.02
"Tuvalu",2001,11.46
"Viet Nam",2001,6.23
"Afghanistan",2002,1.21
"Antigua and Barbuda",2002,10.65
"Bulgaria",2002,10.74
"Bosnia and Herzegovina",2002,9.32
"Botswana",2002,8.18
"Central African Republic",2002,8.62
"Venezuela (Bolivarian Republic of)",2001,11.06
"Austria",2002,13.51
"Bahrain",2002,8.22
"Belize",2002,7.51
"Costa Rica",2002,24.76
"France",2002,13.86
"Micronesia (Federated States of)",2002,2.87
"United Kingdom of Great Britain and Northern Ireland",2002,16.36
"Croatia",2002,9.66
"Indonesia",2002,3.98
"Switzerland",2002,8.84
"Democratic Republic of the Congo",2002,2.5
"Grenada",2002,7.56
"Haiti",2002,7.36
"Israel",2002,8.73
"Ireland",2002,16.03
"Latvia",2002,8.16
"Madagascar",2002,14.38
"Niue",2002,9.89
"Pakistan",2002,6.33
"Mauritius",2001,7.02
"Norway",2001,15.03
"Oman",2001,6.66
"Turkmenistan",2001,13.36
"Ukraine",2001,7.63
"Zambia",2001,11.11
"Canada",2002,15.88
"Fiji",2002,8.04
"Ghana",2002,6.1
"Guinea-Bissau",2002,12.34
"Iceland",2002,16.84
"Kuwait",2002,5.73
"Monaco",2002,7.07
"Niger",2002,8.36
"Nigeria",2002,2.74
"Cuba",2001,11.39
"Denmark",2001,13.34
"Ecuador",2001,6.21
"Gambia",2001,6.31
"Japan",2001,15.95
"Lao People's Democratic Republic",2001,7.06
"Liberia",2001,6.38
"Malta",2001,11.58
"Nauru",2001,21.98
"Pakistan",2001,6.36
"Ethiopia",2001,8.98
"Honduras",2001,9.94
"Sri Lanka",2001,9.52
"Myanmar",2001,1.41
"Peru",2001,11.83
"Paraguay",2001,10.09
"Sierra Leone",2001,13.15
"El Salvador",2001,17.69
"Sao Tome and Principe",2001,6.89
"Uzbekistan",2001,6.64
"Portugal",2001,13.72
"Russian Federation",2001,9.67
"Türkiye",2001,7.46
"United States of America",2001,16.76
"Burkina Faso",2002,5.43
"Samoa",2001,10.39
"Bangladesh",2002,4.54
"Belarus",2002,9.32
"Chile",2002,11.66
"Colombia",2002,14.86
"Comoros",2002,6.71
"Germany",2002,16.55
"Djibouti",2002,5.5
"Dominican Republic",2002,10.6
"Eritrea",2002,2.62
"Spain",2002,12.68
"Gabon",2002,4.66
"Gambia",2002,6.31
"Greece",2002,10.87
"Hungary",2002,9.67
"Bolivia (Plurinational State of)",2002,7.82
"Bhutan",2002,7.88
"Cook Islands",2002,10.12
"Algeria",2002,8.19
"Republic of Korea",2002,9.47
"Kazakhstan",2002,9.42
"Kenya",2002,7.09
"Kyrgyzstan",2002,7.56
"Cambodia",2002,8.3
"Lesotho",2002,7.87
"Namibia",2002,17.18
"Nauru",2002,19.85
"New Zealand",2002,16.28
"Peru",2002,12.84
"Philippines",2002,4.75
"Guatemala",2001,14.4
"Lebanon",2001,8.87
"Namibia",2001,15.98
"Palau",2001,7.97
"Papua New Guinea",2001,7.73
"Poland",2001,8.89
"Rwanda",2001,3.66
"Saudi Arabia",2001,8.76
"Eswatini",2001,9.28
"Togo",2001,2.99
"Benin",2002,4.75
"Barbados",2002,9.33
"Cyprus",2002,6.74
"Dominica",2002,8.4
"Guatemala",2002,14.79
"Uganda",2001,8.33
"Uruguay",2001,15.75
"Brunei Darussalam",2002,5.11
"Côte d'Ivoire",2002,4.15
"Cabo Verde",2002,9.5
"Ecuador",2002,6.55
"Georgia",2002,7.02
"Jordan",2002,13.38
"Libya",2002,7.76
"Mauritius",2002,7.25
"Argentina",2002,18.46
"Equatorial Guinea",2002,1.41
"Honduras",2002,9.47
"Marshall Islands",2002,11.45
"North Macedonia",2002,12.39
"Portugal",2002,14.46
"Senegal",2002,8.64
"San Marino",2002,19.72
"Syrian Arab Republic",2002,7.21
"Chad",2002,11.72
"Malta",2002,13.11
"Papua New Guinea",2002,8.48
"Yemen",2002,7.57
"Andorra",2003,30.26
"United Arab Emirates",2003,8.09
"Albania",2002,8.21
"United Arab Emirates",2002,7.8
"Armenia",2002,5.33
"Australia",2002,15.51
"China",2002,6.03
"Cuba",2002,11.19
"Czechia",2002,12.18
"Denmark",2002,13.71
"Finland",2002,12.09
"Guinea",2002,4.4
"Japan",2002,16.06
"Kiribati",2002,11.41
"Saint Kitts and Nevis",2002,5.45
"Lao People's Democratic Republic",2002,6.13
"Republic of Moldova",2002,11.54
"Malaysia",2002,5.04
"Norway",2002,15.81
"Oman",2002,6.79
"Saudi Arabia",2002,8.57
"Serbia",2002,13.57
"Suriname",2002,11.07
"Togo",2002,4.05
"Zambia",2002,10.73
"Burundi",2003,3.72
"Barbados",2003,11.62
"Jamaica",2002,8.67
"Morocco",2002,4.19
"Mozambique",2002,6.32
"Mauritania",2002,3.58
"Palau",2002,7.39
"Paraguay",2002,8.15
"Sudan",2002,10.71
"Slovakia",2002,10.66
"Slovenia",2002,12.29
"Tuvalu",2002,11.25
"Uruguay",2002,16.74
"Viet Nam",2002,6.65
"Vanuatu",2002,11.75
"Australia",2003,15.48
"Austria",2003,13.62
"Bolivia (Plurinational State of)",2003,8.61
"Brunei Darussalam",2003,6.99
"Bhutan",2003,7.64
"Central African Republic",2003,12.56
"Switzerland",2003,9.31
"Congo",2003,1.86
"Colombia",2003,15.6
"Cuba",2003,10.89
"Ecuador",2003,8.21
"Egypt",2003,5.44
"Azerbaijan",2003,3.6
"Burkina Faso",2003,5.57
"Cyprus",2003,6.11
"Germany",2003,16.67
"Honduras",2003,9.88
"Finland",2003,12.44
"Ghana",2003,6.33
"Equatorial Guinea",2003,1.45
"Grenada",2003,7.42
"Italy",2003,12.51
"Japan",2003,16.36
"Kiribati",2003,11.41
"Liberia",2003,5.42
"Republic of Moldova",2003,9.59
"Myanmar",2003,1.88
"Morocco",2003,4.14
"Mongolia",2003,8.28
"Malaysia",2003,5.41
"Nigeria",2003,4.01
"Netherlands (Kingdom of the)",2003,14.27
"Nicaragua",2002,13.15
"Chile",2003,12.48
"Cabo Verde",2003,11.37
"Guyana",2003,7.36
"Iceland",2003,16.55
"Cambodia",2003,9.43
"Sri Lanka",2003,10.38
"Lesotho",2003,8.05
"Niue",2003,9.38
"Saudi Arabia",2003,8.7
"United Republic of Tanzania",2002,9.79
"Venezuela (Bolivarian Republic of)",2002,11.67
"Cook Islands",2003,9.63
"Czechia",2003,11.62
"Dominican Republic",2003,6.1
"Spain",2003,14.01
"Estonia",2003,10.56
"Guinea-Bissau",2003,13.19
"Iran (Islamic Republic of)",2003,10.21
"Jamaica",2003,6.14
"Armenia",2003,5.38
"Belarus",2003,10.07
"Ireland",2003,16.9
"Nepal",2003,5.52
"Panama",2003,17.18
"Kyrgyzstan",2003,8.07
"Saint Kitts and Nevis",2003,6.79
"Nicaragua",2003,12.24
"New Zealand",2003,16.22
"Poland",2003,8.95
"Uganda",2003,8.96
"Saint Vincent and the Grenadines",2003,10.12
"Afghanistan",2004,3.6
"Andorra",2004,27.78
"Austria",2004,13.03
"Botswana",2003,8.18
"Democratic Republic of the Congo",2003,2.5
"Comoros",2003,6.69
"Gabon",2003,6.75
"United Kingdom of Great Britain and Northern Ireland",2003,16.43
"Gambia",2003,6.31
"Lao People's Democratic Republic",2003,6.83
"Maldives",2003,8.14
"Mexico",2003,10.69
"Mali",2003,6.79
"Mozambique",2003,6.32
"Malawi",2003,7.63
"Norway",2003,15.86
"Romania",2003,13
"Rwanda",2003,12.45
"Solomon Islands",2003,26.15
"Thailand",2003,13.77
"Tonga",2003,12.09
"Trinidad and Tobago",2003,8.56
"Ukraine",2003,9.39
"Qatar",2002,4.9
"Singapore",2002,6.54
"El Salvador",2002,17.78
"Seychelles",2002,6.46
"Tonga",2002,12.14
"United States of America",2002,17.22
"Afghanistan",2003,5.46
"Bosnia and Herzegovina",2003,11.59
"Brazil",2003,8.56
"Algeria",2003,8.58
"Mexico",2002,10.43
"Mongolia",2002,10.05
"Netherlands (Kingdom of the)",2002,13.9
"Saint Vincent and the Grenadines",2002,10.87
"Samoa",2002,11.1
"India",2003,2.75
"Israel",2003,9.27
"Jordan",2003,11.37
"Kazakhstan",2003,9.56
"Kenya",2003,7.02
"Libya",2003,6.31
"Saint Lucia",2003,7.16
"Lithuania",2003,13.68
"Latvia",2003,8.08
"Monaco",2003,8.63
"Côte d'Ivoire",2003,4.07
"Costa Rica",2003,26.33
"Lebanon",2003,8.07
"Malta",2003,12.28
"Qatar",2003,9.22
"Peru",2003,11.61
"Papua New Guinea",2003,7.63
"Singapore",2003,8.33
"Sierra Leone",2003,11.69
"Slovakia",2003,11.74
"Senegal",2003,9.05
"Suriname",2003,11.15
"Sweden",2003,12.85
"United States of America",2003,17.5
"Viet Nam",2003,5.44
"Yemen",2003,6.81
"Antigua and Barbuda",2004,12.13
"Belgium",2004,14.18
"Bangladesh",2004,4.87
"Bulgaria",2004,10.83
"Bosnia and Herzegovina",2004,11.32
"Bolivia (Plurinational State of)",2004,7.84
"Brazil",2004,9.08
"Colombia",2004,15.74
"Czechia",2004,13.14
"Ecuador",2004,8.46
"Eritrea",2004,2.2
"Ethiopia",2004,5.73
"Georgia",2004,6.25
"Equatorial Guinea",2004,1.49
"Rwanda",2002,3.71
"Tunisia",2002,10.99
"Bulgaria",2003,11.33
"Denmark",2003,13.93
"Haiti",2003,6.61
"Mauritius",2003,7.12
"Namibia",2003,16.82
"Pakistan",2003,4.05
"Palau",2003,8.38
"Togo",2003,4.24
"Iraq",2004,2.98
"Oman",2004,6.24
"Palau",2004,8.5
"Paraguay",2004,10.14
"Singapore",2004,7.13
"Sao Tome and Principe",2004,10.35
"Seychelles",2004,9.55
"Chad",2004,15.03
"Togo",2004,4.21
"Tajikistan",2004,4.41
"United Kingdom of Great Britain and Northern Ireland",2004,16.79
"Ghana",2004,4.91
"Guinea",2004,1.86
"Grenada",2004,10.47
"Indonesia",2004,4.2
"Cambodia",2004,9.9
"Saint Kitts and Nevis",2004,6.42
"Republic of Korea",2004,8.85
"Lebanon",2004,8.92
"Lesotho",2004,8.22
"Republic of Moldova",2004,15.25
"Nigeria",2004,6.55
"Pakistan",2004,4.58
"Senegal",2004,8.97
"Serbia",2004,13.71
"Sweden",2004,12.81
"Eswatini",2004,9.74
"Timor-Leste",2004,2.25
"Tunisia",2004,11.55
"Uganda",2004,8.77
"Tunisia",2003,11.41
"Tuvalu",2003,12.86
"Kuwait",2004,5.26
"Panama",2004,19.21
"Portugal",2004,14.55
"Romania",2004,11.96
"Russian Federation",2004,9.44
"Saudi Arabia",2004,8.24
"Syrian Arab Republic",2004,6.82
"Tonga",2004,12.74
"Russian Federation",2003,9.2
"Türkiye",2003,9.29
"Barbados",2004,13.98
"Botswana",2004,8.18
"Canada",2004,16.93
"Belarus",2004,10
"Congo",2004,1.78
"Cook Islands",2004,9.63
"Germany",2004,16.46
"Algeria",2004,8.22
"Gambia",2004,6.31
"Haiti",2004,7.95
"Lao People's Democratic Republic",2004,5.85
"Saint Lucia",2004,6.86
"Lithuania",2004,10.13
"France",2004,13.94
"Kazakhstan",2004,10.91
"Sri Lanka",2004,11.05
"Luxembourg",2004,14.09
"Morocco",2004,4.13
"Mexico",2004,12.07
"Norway",2004,16.12
"Sudan",2004,9.53
"Solomon Islands",2004,17.06
"Sierra Leone",2004,11.58
"Marshall Islands",2004,12.14
"Malawi",2004,5
"Niue",2004,9.99
"Nepal",2004,5.48
"Albania",2005,9.23
"Burkina Faso",2004,8.39
"Belize",2004,7.88
"China",2004,7.27
"Côte d'Ivoire",2004,4.15
"Democratic Republic of the Congo",2004,2.5
"Cabo Verde",2004,9.63
"Costa Rica",2004,25.74
"Cyprus",2004,5.79
"Djibouti",2004,5.39
"Greece",2004,9.97
"Honduras",2004,9.6
"Israel",2004,9.59
"Jordan",2004,9.4
"Japan",2004,17.2
"Kyrgyzstan",2004,8.21
"Latvia",2004,9.94
"Madagascar",2004,10.1
"Mongolia",2004,8.35
"Mozambique",2004,6.32
"Peru",2004,11.78
"Türkiye",2004,10.19
"Tuvalu",2004,11.94
"Uzbekistan",2004,6.14
"Saint Vincent and the Grenadines",2004,9.93
"Venezuela (Bolivarian Republic of)",2004,11.51
"Zambia",2004,10.38
"Australia",2005,15.9
"Bosnia and Herzegovina",2005,10.81
"Belize",2005,8.33
"Barbados",2005,12.24
"Mauritania",2003,2.61
"Nauru",2003,21.32
"Philippines",2003,5.46
"Sudan",2003,10.07
"Serbia",2003,13.56
"Slovenia",2003,12.36
"Seychelles",2003,9.29
"Syrian Arab Republic",2003,7.51
"United Republic of Tanzania",2003,9.71
"Venezuela (Bolivarian Republic of)",2003,11.75
"Oman",2003,6.77
"Portugal",2003,14.2
"Turkmenistan",2003,14
"Uruguay",2003,18.08
"Zambia",2003,8.94
"South Africa",2003,12.34
"Angola",2004,5.66
"Argentina",2004,16.26
"Burundi",2004,5.8
"Switzerland",2004,9.31
"Comoros",2004,6.76
"Cuba",2004,10.32
"Egypt",2004,5.24
"Finland",2004,12.77
"Guinea-Bissau",2004,14.03
"Ireland",2004,17.36
"Iran (Islamic Republic of)",2004,10.16
"Italy",2004,13.28
"Kiribati",2004,11.41
"Libya",2004,5.42
"Armenia",2004,6.28
"Bahamas",2004,13.04
"Denmark",2004,14.2
"Guyana",2004,7.35
"Kenya",2004,6.99
"Nicaragua",2004,10.92
"Netherlands (Kingdom of the)",2004,14.37
"Nauru",2004,21.15
"Philippines",2004,5.62
"Rwanda",2004,10.79
"Monaco",2004,8.1
"Mali",2004,7.3
"Malaysia",2004,5.63
"Papua New Guinea",2004,8.75
"Trinidad and Tobago",2004,8.27
"Slovenia",2004,12.26
"Thailand",2004,12.99
"Turkmenistan",2004,12.82
"United Republic of Tanzania",2004,11.55
"Ukraine",2004,8.18
"Yemen",2004,5.72
"South Africa",2004,12.03
"Afghanistan",2005,3.37
"Angola",2005,4.82
"Antigua and Barbuda",2005,11.53
"Andorra",2005,18.84
"United Arab Emirates",2005,8.38
"Chile",2005,12.87
"Egypt",2005,5.24
"Finland",2005,13.16
"San Marino",2003,19.72
"Eswatini",2003,11.4
"United Arab Emirates",2004,7.94
"Azerbaijan",2004,3.57
"Mauritius",2004,7.99
"Brazil",2005,8.41
"China",2005,7.49
"Colombia",2005,16.83
"Fiji",2005,10.36
"Ghana",2005,10.6
"Guatemala",2005,14.2
"Guyana",2005,6.28
"Iraq",2005,3.2
"Jordan",2005,11.79
"Latvia",2005,9.34
"Mali",2005,6.46
"Mauritius",2005,7.36
"Nicaragua",2005,11.79
"Norway",2005,16.28
"Rwanda",2005,8.09
"El Salvador",2005,18.94
"Serbia",2005,13.62
"Chad",2005,12.42
"Timor-Leste",2005,3.63
"Tonga",2005,13.11
"Jamaica",2005,7.43
"Mauritania",2005,3.84
"Niue",2005,7.17
"Suriname",2005,10.64
"Australia",2006,15.94
"Vanuatu",2005,11.7
"Yemen",2005,4.5
"Albania",2006,8.77
"Bangladesh",2006,4.73
"Belarus",2006,8.44
"San Marino",2004,19.72
"Azerbaijan",2005,4.08
"Eritrea",2005,1.15
"Ethiopia",2005,7.55
"Italy",2005,13.68
"Kazakhstan",2005,11.51
"Kiribati",2005,11.41
"Republic of Moldova",2005,13.58
"Mongolia",2005,9.05
"Portugal",2005,14.64
"Turkmenistan",2005,10.27
"Tunisia",2005,11.35
"Venezuela (Bolivarian Republic of)",2005,8.39
"Azerbaijan",2006,3.42
"Belgium",2006,13.96
"Bangladesh",2005,4.39
"Bahrain",2005,9.14
"Bahamas",2005,12.86
"Belarus",2005,10.05
"Brunei Darussalam",2005,6.43
"Vanuatu",2004,12.56
"Argentina",2005,16.02
"Bolivia (Plurinational State of)",2005,8.3
"Canada",2005,17.13
"Dominican Republic",2005,9.2
"Cook Islands",2005,9.63
"Cuba",2005,11.67
"Gabon",2005,5.08
"Georgia",2005,5.58
"Guinea-Bissau",2005,13.33
"Grenada",2005,9.11
"Indonesia",2005,4.2
"Iceland",2005,16.11
"Israel",2005,9.6
"Japan",2005,17.75
"Cambodia",2005,9.9
"Lebanon",2005,9.23
"Morocco",2005,3.85
"Madagascar",2005,10.57
"Malawi",2005,6.04
"United Kingdom of Great Britain and Northern Ireland",2005,16.61
"Equatorial Guinea",2005,1.46
"Ireland",2005,18.25
"Kuwait",2005,5.46
"Malaysia",2005,5.55
"Oman",2005,6.09
"Saudi Arabia",2005,8.8
"Sudan",2005,8.1
"Sweden",2005,12.83
"Togo",2005,3.8
"Türkiye",2005,10.32
"Uganda",2005,7.14
"Afghanistan",2006,2.72
"Angola",2006,4.72
"Armenia",2006,7.93
"Nepal",2005,6.25
"Romania",2005,13.16
"Thailand",2005,13.14
"Argentina",2006,15.1
"Spain",2006,14.69
"Viet Nam",2004,6.97
"Burkina Faso",2005,6.05
"Costa Rica",2005,25.71
"Dominica",2005,8.72
"Denmark",2005,14.86
"Ecuador",2005,7.87
"Estonia",2005,11.1
"Guinea",2005,2.37
"Kyrgyzstan",2005,13.07
"Marshall Islands",2005,6.55
"Nauru",2005,25.37
"Palau",2005,8.73
"Solomon Islands",2005,19.23
"Samoa",2005,10.4
"Brazil",2006,9.03
"Austria",2005,13.67
"Comoros",2005,5.91
"Algeria",2005,8.27
"Gambia",2005,6.31
"Liberia",2005,4.49
"Botswana",2005,8.18
"Democratic Republic of the Congo",2005,2.5
"Sri Lanka",2005,10.14
"Slovenia",2005,12.45
"Andorra",2006,23.4
"Lesotho",2005,6
"Namibia",2005,16.27
"Peru",2005,12.59
"Trinidad and Tobago",2005,8.03
"Viet Nam",2005,7.15
"Zambia",2005,8.16
"Switzerland",2006,9.34
"Cabo Verde",2006,8.92
"Eritrea",2006,1.54
"Fiji",2006,9.97
"Bahamas",2006,12.73
"Costa Rica",2006,29.51
"Egypt",2006,5.05
"Ethiopia",2006,5.08
"France",2006,14
"Bhutan",2005,6.72
"Switzerland",2005,9.39
"Côte d'Ivoire",2005,3.89
"Czechia",2005,12.75
"Spain",2005,14.38
"Croatia",2005,12.51
"Hungary",2005,11.36
"India",2005,3.03
"Kenya",2005,6.89
"Lao People's Democratic Republic",2005,5.91
"Monaco",2005,7.9
"Mexico",2005,11.14
"Mozambique",2005,8.4
"Paraguay",2005,10.69
"Sierra Leone",2005,9.54
"San Marino",2005,19.72
"Sao Tome and Principe",2005,12.9
"Syrian Arab Republic",2005,7.34
"Tuvalu",2005,11.57
"Ukraine",2005,8.43
"Saint Vincent and the Grenadines",2005,9.01
"Antigua and Barbuda",2006,8.37
"Belize",2006,9.33
"Brunei Darussalam",2006,5.81
"Central African Republic",2006,9.18
"Chile",2006,13.41
"Congo",2006,2.08
"Germany",2006,16.93
"Micronesia (Federated States of)",2006,4.32
"Guinea",2006,1.88
"Guinea-Bissau",2006,12.56
"Guyana",2006,5.7
"India",2006,2.95
"Iran (Islamic Republic of)",2006,9.61
"Iraq",2006,3.2
"Cambodia",2006,7.41
"Lebanon",2006,9.83
"Liberia",2006,6.33
"Lesotho",2006,7.05
"Luxembourg",2006,14.12
"Bhutan",2006,6.83
"Botswana",2006,8.18
"Democratic Republic of the Congo",2006,2.5
"Estonia",2006,10.65
"Honduras",2006,13.42
"Canada",2006,16.78
"Dominica",2006,8.74
"Croatia",2006,12.68
"Hungary",2006,10.66
"Ireland",2006,17.43
"Kenya",2006,6.81
"Saint Kitts and Nevis",2006,6.86
"Maldives",2006,8.45
"Nepal",2006,7.58
"Panama",2006,18.55
"Palau",2006,7.98
"Senegal",2006,8.27
"Syrian Arab Republic",2006,6.74
"Chad",2006,7.14
"Togo",2006,3.83
"Barbados",2006,12.22
"Colombia",2006,16.06
"Czechia",2006,12.71
"Djibouti",2006,7.23
"Mozambique",2006,5.67
"Mauritania",2006,3.56
"Norway",2006,16.01
"Türkiye",2006,10.41
"Armenia",2007,7.2
"Benin",2007,3.77
"Kyrgyzstan",2006,14.46
"Kiribati",2006,11.41
"Lao People's Democratic Republic",2006,4.36
"Madagascar",2006,10.18
"Marshall Islands",2006,6.82
"Greece",2006,11.28
"Italy",2006,13.72
"Kazakhstan",2006,11.69
"Libya",2006,5.28
"Nicaragua",2006,13.41
"New Zealand",2006,17.94
"Oman",2006,5.42
"Russian Federation",2006,10.13
"Rwanda",2006,7.2
"El Salvador",2006,19.31
"Malawi",2006,5.29
"Pakistan",2006,3.21
"Slovakia",2006,12.29
"Antigua and Barbuda",2007,8.45
"Burundi",2007,6.32
"United States of America",2006,18.57
"Zambia",2006,8.76
"Austria",2007,14.09
"Belize",2007,10.77
"China",2007,7.9
"Cameroon",2007,4.23
"Cyprus",2007,6.15
"Iceland",2007,15.31
"Kuwait",2007,4.9
"Maldives",2007,11.25
"Bulgaria",2007,9.11
"Belarus",2007,8.12
"Lithuania",2007,10.75
"Luxembourg",2007,14.06
"Latvia",2007,9.71
"Latvia",2006,9.62
"Morocco",2006,6.48
"Republic of Moldova",2006,12.89
"Malta",2006,14.3
"Namibia",2006,15.75
"Niger",2006,13.54
"Qatar",2006,5.8
"Singapore",2006,7.85
"Solomon Islands",2006,15.2
"Slovenia",2006,12.32
"Tunisia",2006,11.73
"Uzbekistan",2006,7.8
"United Arab Emirates",2007,8.53
"Bangladesh",2007,5.08
"Chile",2007,13.6
"Congo",2007,2.05
"Dominica",2007,7.1
"Guatemala",2007,14.23
"Indonesia",2007,5.44
"Ireland",2007,17.36
"Jamaica",2007,8.23
"Lebanon",2007,9.98
"Liberia",2007,4.77
"Sri Lanka",2007,9.33
"Monaco",2007,7.29
"Bolivia (Plurinational State of)",2006,8.75
"Algeria",2006,7.96
"Ecuador",2006,8.57
"Jordan",2006,11.36
"Republic of Korea",2006,10.22
"Saint Lucia",2006,6.31
"North Macedonia",2006,13.4
"Myanmar",2006,1.91
"Netherlands (Kingdom of the)",2006,13.91
"Poland",2006,9
"Finland",2006,13.57
"Ghana",2006,9.56
"Monaco",2006,7.56
"Paraguay",2006,11.57
"Sudan",2006,9.44
"Portugal",2006,13.12
"San Marino",2006,19.72
"Suriname",2006,12.23
"Seychelles",2006,7.91
"Trinidad and Tobago",2006,5.9
"Saint Vincent and the Grenadines",2006,8.33
"Venezuela (Bolivarian Republic of)",2006,11.75
"Vanuatu",2006,10.67
"Angola",2007,4.52
"Argentina",2007,14.4
"Ukraine",2006,8.7
"Albania",2007,8.31
"Australia",2007,16.49
"Georgia",2007,3.95
"Guinea",2007,2.77
"Belgium",2007,13.96
"Democratic Republic of the Congo",2007,2.5
"Germany",2007,17.41
"Denmark",2007,15.74
"Croatia",2007,14.01
"China",2006,7.56
"Gabon",2006,5.76
"United Kingdom of Great Britain and Northern Ireland",2006,17.31
"Georgia",2006,5.23
"Haiti",2006,2.99
"Indonesia",2006,4.49
"Mauritius",2006,7.3
"Papua New Guinea",2006,8.38
"Eswatini",2006,12.62
"Uganda",2006,7.17
"South Africa",2006,13.1
"Botswana",2007,8.18
"Egypt",2007,5.02
"Eritrea",2007,2.35
"Mauritius",2007,6.84
"Viet Nam",2006,7.45
"Andorra",2007,21.77
"Bahamas",2007,13.5
"Bhutan",2007,7.46
"Switzerland",2007,9.56
"Sierra Leone",2006,6.52
"Serbia",2006,12.53
"Azerbaijan",2007,3.48
"Burkina Faso",2007,6.27
"Bolivia (Plurinational State of)",2007,8.5
"Czechia",2007,12.4
"Estonia",2007,11.09
"France",2007,13.95
"Equatorial Guinea",2007,1.47
"Japan",2007,18.23
"Ethiopia",2007,6.5
"Finland",2007,13.65
"Kyrgyzstan",2007,10.43
"Saint Lucia",2007,6.9
"Morocco",2007,6.83
"Cambodia",2007,6.75
"Republic of Korea",2007,10.75
"Mozambique",2007,5.6
"Mauritania",2007,3.89
"Malaysia",2007,6.28
"Nepal",2007,5.18
"Pakistan",2007,2.82
"Sudan",2007,10.47
"Solomon Islands",2007,12.63
"El Salvador",2007,17.98
"San Marino",2007,19.72
"Sao Tome and Principe",2007,4.28
"Chad",2007,5.99
"Timor-Leste",2007,1.27
"Vanuatu",2007,9.9
"Papua New Guinea",2007,9.07
"Slovenia",2007,12.15
"Syrian Arab Republic",2007,6.85
"Saint Vincent and the Grenadines",2007,7.86
"Bhutan",2008,6.03
"Samoa",2007,10.56
"Andorra",2008,24.75
"Argentina",2008,14.66
"Switzerland",2008,9.78
"Cyprus",2008,6.52
"Germany",2008,17.46
"Denmark",2008,15.85
"Finland",2008,13.74
"Guinea",2008,2.67
"Guyana",2008,7.02
"Bahrain",2007,9.07
"Brazil",2007,9.26
"Canada",2007,17.06
"Cook Islands",2007,9.63
"Comoros",2007,4.33
"Micronesia (Federated States of)",2007,4.16
"Gambia",2007,6.31
"Haiti",2007,7.11
"Jordan",2007,12.52
"Lao People's Democratic Republic",2007,3.78
"Namibia",2007,17.98
"Togo",2007,4.34
"Turkmenistan",2007,10.32
"Trinidad and Tobago",2007,7.45
"Tuvalu",2007,10.71
"United Republic of Tanzania",2007,10.89
"Azerbaijan",2008,2.75
"Burkina Faso",2008,7.32
"Czechia",2008,12.55
"Gambia",2008,6.31
"Angola",2000,2.74
"United Arab Emirates",2000,7.57
"Bahamas",2000,12.66
"Belize",2000,5.85
"Brazil",2000,10.06
"Barbados",2000,12.28
"Dominica",2000,8.64
"Fiji",2000,10.59
"Micronesia (Federated States of)",2000,2.59
"Guinea",2000,2.38
"Ireland",2000,14.96
"Kazakhstan",2000,9.25
"Kiribati",2000,11.41
"Bosnia and Herzegovina",2000,7.25
"Belarus",2000,12.13
"Congo",2000,2.27
"Czechia",2000,12.38
"Gabon",2000,5.24
"Madagascar",2007,11.71
"Niger",2007,8.63
"Oman",2007,5.58
"Tajikistan",2007,5.33
"South Africa",2007,13.51
"Myanmar",2007,1.43
"Nauru",2007,25.45
"Saudi Arabia",2007,8.51
"United States of America",2007,18.5
"Yemen",2007,3.88
"Angola",2008,4.06
"Belgium",2008,14.31
"Belarus",2008,5.8
"Cabo Verde",2008,8.11
"Costa Rica",2008,32.38
"Zambia",2007,4.91
"United Arab Emirates",2008,8.53
"Haiti",2008,7.43
"Lao People's Democratic Republic",2008,3.2
"Madagascar",2008,8.87
"Republic of Moldova",2007,13.18
"Mexico",2007,10.71
"Mali",2007,4.64
"Malta",2007,13.33
"Mongolia",2007,8.16
"Malawi",2007,3.54
"Nicaragua",2007,14.68
"Netherlands (Kingdom of the)",2007,14.04
"Peru",2007,11.59
"Russian Federation",2007,9.22
"Tunisia",2007,11.85
"Ukraine",2007,8.16
"Afghanistan",2008,3
"Armenia",2008,6.69
"Bulgaria",2008,9.39
"Bosnia and Herzegovina",2008,10.92
"Brazil",2008,9.37
"Cameroon",2008,3.46
"Cook Islands",2008,9.63
"Colombia",2008,16.69
"Djibouti",2008,6.35
"Spain",2008,14.82
"Ethiopia",2008,2.74
"United Kingdom of Great Britain and Northern Ireland",2008,16.65
"Ghana",2008,9.9
"Guatemala",2008,15.49
"Hungary",2008,9.85
"Ireland",2008,17.42
"Iceland",2008,10.82
"Sri Lanka",2008,8.73
"Saint Kitts and Nevis",2000,5.81
"Lao People's Democratic Republic",2000,6.2
"Libya",2000,6.04
"Lesotho",2000,7.69
"Malaysia",2000,4.58
"Belgium",2000,12.07
"Central African Republic",2000,10.02
"North Macedonia",2000,14.71
"San Marino",2000,19.72
"Netherlands (Kingdom of the)",2000,12.6
"Norway",2000,14.85
"New Zealand",2000,14.71
"Russian Federation",2000,9.72
"Serbia",2000,13.57
"Eswatini",2000,9.79
"Türkiye",2000,7.19
"Saint Vincent and the Grenadines",2000,11.68
"South Africa",2000,11.86
"Bosnia and Herzegovina",2001,8.6
"Equatorial Guinea",2000,1.41
"Mexico",2000,9.9
"Viet Nam",2000,7.49
"Yemen",2000,7.49
"Zambia",2000,14.86
"Guyana",2007,6.61
"Iraq",2007,4.42
"Kiribati",2007,11.38
"Lesotho",2007,9.64
"Singapore",2007,10.35
"Marshall Islands",2007,10.59
"Nigeria",2007,4.29
"New Zealand",2007,18.14
"Romania",2007,10.91
"Eswatini",2007,12.37
"Venezuela (Bolivarian Republic of)",2007,11.32
"Albania",2008,7.16
"Australia",2008,15.61
"Austria",2008,14.39
"Burundi",2008,3.79
"Bangladesh",2008,3.84
"Belize",2008,13.38
"Central African Republic",2008,5.28
"Canada",2008,17.28
"Côte d'Ivoire",2008,4.14
"Ecuador",2008,5.96
"Egypt",2008,4.7
"Estonia",2008,11.05
"Croatia",2008,14.01
"Iran (Islamic Republic of)",2008,9.48
"Japan",2008,18.1
"Liberia",2008,6.34
"Libya",2008,3.7
"Monaco",2008,7.68
"Republic of Moldova",2008,12.72
"Congo",2008,4.55
"Indonesia",2008,4.63
"Lebanon",2008,8.96
"Maldives",2008,17.99
"Mali",2008,3.79
"Mexico",2008,9.43
"Malawi",2008,6.62
"Netherlands (Kingdom of the)",2008,14.5
"Norway",2008,16.51
"Peru",2008,10.99
"Qatar",2007,5.25
"Seychelles",2007,7.26
"Bahrain",2008,8.83
"Bahamas",2008,14.47
"Democratic Republic of the Congo",2008,2.5
"Comoros",2008,2.86
"Cuba",2008,13.18
"Eritrea",2008,2.35
"Guinea-Bissau",2008,10.18
"Equatorial Guinea",2008,1.5
"Belarus",2001,10.04
"Canada",2001,15.28
"Comoros",2001,4.12
"Djibouti",2001,5.97
"Dominica",2001,8.78
"Tuvalu",2000,11.93
"Bahrain",2001,9.03
"Central African Republic",2001,10.72
"Chile",2001,11.13
"Cyprus",2001,6.33
"Qatar",2008,5.19
"Romania",2008,10.82
"Russian Federation",2008,9.59
"Suriname",2008,10.23
"Slovakia",2008,14.05
"India",2008,2.97
"Niue",2008,15.79
"Papua New Guinea",2008,7.66
"Slovenia",2008,12.58
"Turkmenistan",2008,8.71
"Zambia",2008,2.98
"Albania",2009,7.15
"Antigua and Barbuda",2009,6.33
"Canada",2009,17.33
"Cameroon",2009,3.05
"Türkiye",2008,11.09
"Bangladesh",2009,4.12
"Denmark",2009,15.95
"Algeria",2009,8.92
"Indonesia",2009,5.41
"Morocco",2008,6.68
"North Macedonia",2008,12.54
"Pakistan",2008,2.22
"Paraguay",2008,12.64
"Rwanda",2008,8.08
"Solomon Islands",2008,7.47
"Viet Nam",2008,7.14
"Andorra",2009,16.82
"Argentina",2009,16.42
"Armenia",2009,6.34
"Bosnia and Herzegovina",2009,12.52
"Bolivia (Plurinational State of)",2009,8.82
"Djibouti",2009,6.14
"France",2009,13.96
"Micronesia (Federated States of)",2009,3.44
"Greece",2009,11.88
"Guatemala",2009,16.03
"Haiti",2009,6.77
"Italy",2009,13.71
"Saint Kitts and Nevis",2009,6.29
"Colombia",2001,15.38
"Egypt",2001,6.63
"Guyana",2001,6.8
"Hungary",2001,9.66
"Iceland",2001,14.88
"Guinea",2001,2.47
"Croatia",2001,11.93
"Haiti",2001,11.91
"India",2001,3.18
"Kyrgyzstan",2001,7.13
"Cambodia",2001,7.83
"Libya",2001,5.78
"Lesotho",2001,9.03
"Lithuania",2001,11.37
"Luxembourg",2001,14.06
"Latvia",2001,8.11
"Maldives",2001,9.03
"Malaysia",2001,4.79
"Philippines",2001,5.5
"Slovenia",2001,11.41
"Jordan",2001,13.61
"Kenya",2001,7.09
"Republic of Korea",2001,9.84
"North Macedonia",2001,12.2
"Mali",2001,5.75
"Dominica",2008,7.29
"France",2008,13.92
"Gabon",2008,5.61
"Greece",2008,11.34
"Italy",2008,13.86
"Kenya",2008,7.17
"Saint Kitts and Nevis",2008,5.95
"Namibia",2008,14.55
"Nigeria",2008,4.59
"Timor-Leste",2008,2.78
"Iraq",2008,4.16
"Jordan",2008,15.13
"Kazakhstan",2008,8.37
"Cambodia",2008,6.66
"Kuwait",2008,3.72
"Latvia",2008,8.8
"Marshall Islands",2008,8.98
"Mauritania",2008,4.48
"Nepal",2008,5.31
"New Zealand",2008,18.36
"Tonga",2008,12.08
"Azerbaijan",2009,3.28
"Dominica",2009,7.42
"Kenya",2009,7.2
"Liberia",2009,4.06
"Oman",2008,5.41
"Portugal",2008,13.21
"Singapore",2008,8.65
"San Marino",2008,19.72
"Sao Tome and Principe",2008,4.02
"Sweden",2008,13.54
"Venezuela (Bolivarian Republic of)",2008,7.55
"Afghanistan",2009,2.51
"Belgium",2009,14.4
"Bahrain",2009,11.17
"Belarus",2009,6.73
"Barbados",2009,11.67
"Botswana",2009,6.25
"Spain",2009,14.79
"Fiji",2009,8.37
"Guyana",2009,7.34
"Hungary",2009,9.71
"Iran (Islamic Republic of)",2009,12.38
"Iceland",2009,13.37
"Libya",2009,4.09
"Namibia",2009,10.82
"Nicaragua",2009,16.77
"Peru",2009,11.71
"Portugal",2009,12.87
"Slovakia",2009,12.82
"Israel",2008,9.98
"Syrian Arab Republic",2008,6.84
"Tajikistan",2008,6.74
"United States of America",2008,18.21
"United Arab Emirates",2009,8.53
"Australia",2009,15.88
"Burundi",2009,5.48
"Brazil",2009,9.99
"Costa Rica",2009,33.1
"Equatorial Guinea",2009,1.48
"Syrian Arab Republic",2001,6.65
"Chad",2001,11.87
"Thailand",2001,10.58
"United Republic of Tanzania",2001,8.8
"Saint Vincent and the Grenadines",2001,11.24
"Fiji",2001,7.9
"Nigeria",2001,2.78
"Nicaragua",2001,12.79
"Singapore",2001,4.87
"Andorra",2002,30.31
"Ireland",2009,17.3
"Kuwait",2009,5.23
"Republic of Moldova",2009,12.88
"Madagascar",2009,9.88
"Myanmar",2009,1.44
"Egypt",2009,4.72
"Ethiopia",2009,5.3
"Gabon",2009,6.82
"Mali",2009,2.93
"Mozambique",2009,4.97
"Pakistan",2009,2.96
"Palau",2009,9.43
"Ukraine",2009,7.91
"Yemen",2009,3.72
"South Africa",2009,13.37
"Malawi",2009,5.23
"El Salvador",2009,15.81
"Uganda",2009,7.04
"Vanuatu",2009,7.27
"Armenia",2010,6.44
"United Arab Emirates",2010,8.53
"Burkina Faso",2010,6.03
"Belize",2010,12.76
"Cabo Verde",2010,7.23
"Equatorial Guinea",2010,1.46
"Germany",2010,17.45
"Ecuador",2010,8.17
"Guyana",2010,7.52
"Croatia",2010,13.81
"Iran (Islamic Republic of)",2010,12.52
"Lao People's Democratic Republic",2009,5.7
"Saint Lucia",2009,7.4
"Lesotho",2009,7.15
"Latvia",2009,8.07
"Malaysia",2009,5.87
"Netherlands (Kingdom of the)",2009,14.27
"New Zealand",2009,18.72
"Romania",2009,10.55
"Rwanda",2009,8.43
"Senegal",2009,6.66
"Suriname",2009,9.52
"Syrian Arab Republic",2009,5.95
"Timor-Leste",2009,2.66
"Zambia",2009,2.46
"Argentina",2010,16.69
"Australia",2010,16.08
"Bolivia (Plurinational State of)",2010,9.71
"Barbados",2010,10.74
"Cameroon",2010,2.68
"Colombia",2010,16.83
"Cuba",2010,13.87
"Dominica",2010,7.44
"Denmark",2010,15.77
"Algeria",2010,9.54
"Egypt",2010,4.36
"Gambia",2010,6.31
"Honduras",2010,13.97
"Indonesia",2010,3.91
"Iraq",2010,4.81
"Kyrgyzstan",2010,9.2
"Vanuatu",2001,11.27
"Yemen",2001,8.13
"Angola",2002,4.19
"Azerbaijan",2002,3.17
"Bahamas",2002,12.95
"Brazil",2002,9.47
"Egypt",2002,6.14
"Estonia",2002,9.99
"Ethiopia",2002,8.37
"Guyana",2002,7.51
"Qatar",2001,4.55
"Sweden",2001,12.36
"South Africa",2001,10.62
"Belgium",2002,12.29
"Congo",2002,1.34
"Burundi",2002,6.38
"Cameroon",2002,6.43
"India",2002,2.87
"Lebanon",2002,8.29
"Liberia",2002,3.69
"Italy",2002,12.63
"Sri Lanka",2002,10.37
"Lithuania",2002,12.71
"Luxembourg",2002,13.59
"Mali",2002,5.57
"Sierra Leone",2008,3.92
"Serbia",2008,13.73
"Eswatini",2008,13.34
"Uganda",2008,7.29
"Yemen",2008,3.89
"Mozambique",2008,5.67
"Nauru",2008,13.32
"Panama",2008,20.09
"Chad",2008,4.23
"Samoa",2008,12.52
"Brunei Darussalam",2009,6.22
"Chile",2009,13.6
"Congo",2009,2.53
"Czechia",2009,13.54
"Germany",2009,17.64
"Burkina Faso",2009,7.63
"Belize",2009,12.48
"Cuba",2009,14.93
"Ecuador",2009,7.22
"Ghana",2009,12.36
"Estonia",2009,11.02
"Croatia",2009,13.73
"Iraq",2009,4.96
"Israel",2009,10.1
"Kazakhstan",2009,11.32
"Luxembourg",2009,14.12
"Morocco",2009,7.57
"Maldives",2009,15.74
"Mauritius",2009,6.28
"Norway",2009,16.48
"Nepal",2009,4.69
"Poland",2009,10.5
"Sierra Leone",2009,5.34
"Seychelles",2009,7.43
"Türkiye",2009,11.67
"Tuvalu",2009,10.03
"United States of America",2009,18.2
"Uzbekistan",2009,7.27
"Saint Vincent and the Grenadines",2009,8.07
"Azerbaijan",2010,3.16
"Republic of Korea",2009,10.6
"Sri Lanka",2009,7.84
"Tajikistan",2009,4.57
"Tonga",2009,12.72
"Chile",2010,13.69
"Belgium",2010,14.44
"Belarus",2010,8.69
"Côte d'Ivoire",2010,4.06
"Spain",2010,14.75
"Fiji",2010,8.79
"Greece",2010,12.49
"Iceland",2010,13.69
"Italy",2010,14.01
"Jamaica",2010,9.03
"Kazakhstan",2010,8.21
"Sri Lanka",2010,7.83
"Luxembourg",2010,13.62
"Republic of Moldova",2010,13.63
"Maldives",2010,13.54
"Marshall Islands",2010,7.67
"Costa Rica",2010,31.74
"Dominican Republic",2010,15.93
"Hungary",2010,10.17
"Monaco",2010,9.17
"Nauru",2010,10.25
"Mali",2010,3.3
"Mongolia",2010,7.74
"Nicaragua",2010,15.74
"New Zealand",2010,17.6
"Oman",2010,6.7
"Lithuania",2008,11.67
"Poland",2008,10.28
"Saudi Arabia",2008,7.08
"Uzbekistan",2008,7.23
"Saint Vincent and the Grenadines",2008,8.15
"Colombia",2009,17.04
"Comoros",2009,2.77
"Dominican Republic",2009,14.34
"Grenada",2009,7.87
"Jordan",2009,17.92
"Kiribati",2009,10.9
"Mexico",2009,10.29
"Niger",2009,8.69
"Slovenia",2009,12.46
"Turkmenistan",2009,8.71
"Afghanistan",2010,2.26
"Austria",2010,14
"Bahamas",2010,15.44
"Democratic Republic of the Congo",2010,2.5
"Ireland",2010,12.35
"Iran (Islamic Republic of)",2002,9.57
"Maldives",2002,8.62
"Panama",2002,18.84
"Poland",2002,9.39
"Romania",2002,10.55
"Myanmar",2002,2.6
"Malawi",2002,7.04
"Nepal",2002,6.1
"Russian Federation",2002,9.52
"Sao Tome and Principe",2002,8.48
"Sweden",2002,12.64
"Eswatini",2002,9.19
"Türkiye",2002,8.64
"South Africa",2002,10.38
"Albania",2003,9
"Saint Lucia",2002,7.77
"Sierra Leone",2002,14.01
"Thailand",2002,10.28
"Tajikistan",2002,4.21
"Trinidad and Tobago",2002,8.05
"Solomon Islands",2002,42.05
"Turkmenistan",2002,13.47
"Uzbekistan",2002,5.58
"Angola",2003,4.26
"Antigua and Barbuda",2003,12.45
"Nigeria",2009,3.69
"Oman",2009,6.02
"Philippines",2009,6.64
"Singapore",2009,7.15
"Chad",2009,3.84
"Brazil",2010,8.97
"Central African Republic",2010,3.33
"Comoros",2010,2.85
"Cyprus",2010,7.13
"Djibouti",2010,6.97
"Gabon",2010,6.81
"Guinea",2010,1.77
"Japan",2010,18.93
"Morocco",2010,7.53
"Madagascar",2010,15.21
"Venezuela (Bolivarian Republic of)",2009,7.94
"Albania",2010,8.09
"Burundi",2010,4.86
"Bulgaria",2010,10.85
"Botswana",2010,8.06
"Canada",2010,17.38
"Switzerland",2010,10.02
"China",2010,8.75
"Eritrea",2010,2.35
"Grenada",2010,7.4
"Saint Kitts and Nevis",2010,5.87
"Kuwait",2010,5.04
"Liberia",2010,3.17
"Malta",2010,12.79
"Myanmar",2010,1.35
"Malaysia",2010,6.31
"Netherlands (Kingdom of the)",2010,14.49
"Paraguay",2010,14.43
"Qatar",2010,4.15
"Singapore",2010,10.94
"San Marino",2010,21.97
"Sweden",2010,13.61
"Eswatini",2010,13.76
"Tunisia",2010,13.03
"United Republic of Tanzania",2010,7.32
"Mozambique",2010,4.67
"Turkmenistan",2010,8.71
"Tonga",2010,10.07
"Bahamas",2011,13.9
"Bosnia and Herzegovina",2011,13.38
"Uruguay",2010,17.25
"Viet Nam",2010,7.85
"Antigua and Barbuda",2011,12.99
"Austria",2011,14.32
"Cabo Verde",2011,8.61
"Marshall Islands",2009,8.69
"Saudi Arabia",2009,7.52
"Serbia",2009,13.47
"Sao Tome and Principe",2009,3.27
"Viet Nam",2009,6.05
"Angola",2010,4.25
"Bosnia and Herzegovina",2010,12.6
"Micronesia (Federated States of)",2010,3.4
"Kiribati",2010,10.45
"Lebanon",2010,10.29
"Lesotho",2010,8.29
"Malawi",2010,5.77
"Papua New Guinea",2010,7.07
"Sudan",2010,9.49
"Solomon Islands",2010,6.2
"Suriname",2010,9.47
"Slovenia",2010,12.35
"Chad",2010,3.5
"Vanuatu",2010,6.85
"Yemen",2010,3.85
"Belgium",2003,13.31
"Benin",2003,4.86
"Belize",2003,7.14
"Cameroon",2003,6.52
"Djibouti",2003,5.82
"Uganda",2002,8.75
"Ukraine",2002,8.11
"Argentina",2003,17.13
"Bahamas",2003,13.16
"Canada",2003,16.36
"Namibia",2010,11.91
"Norway",2010,16.61
"Pakistan",2010,2.89
"Sao Tome and Principe",2010,4.1
"Uganda",2010,7.12
"India",2010,3.11
"Libya",2010,4.33
"Tuvalu",2010,13.99
"Argentina",2011,16.28
"Bolivia (Plurinational State of)",2011,8.54
"Afghanistan",2011,2.19
"Angola",2011,4.58
"Bulgaria",2011,11.41
"Brunei Darussalam",2011,5.74
"Greece",2011,10.96
"Botswana",2011,9.63
"Comoros",2011,7.24
"Spain",2011,14.6
"United Kingdom of Great Britain and Northern Ireland",2011,17.62
"Indonesia",2011,3.96
"Republic of Korea",2010,11.86
"Lao People's Democratic Republic",2010,2.69
"Mexico",2010,10.41
"North Macedonia",2010,12.51
"Niger",2010,9.18
"Nepal",2010,4.81
"Russian Federation",2010,8.59
"Tajikistan",2010,4.52
"Samoa",2010,13.23
"Zimbabwe",2010,15.22
"Albania",2011,8.18
"Andorra",2011,24.12
"Burundi",2011,8.23
"Benin",2011,5.4
"Democratic Republic of the Congo",2011,2.53
"Cyprus",2011,7.25
"Germany",2011,17.97
"Algeria",2011,9.27
"Estonia",2011,11.66
"Gabon",2011,7.29
"Georgia",2011,5.04
"Grenada",2011,8.54
"Guatemala",2011,13.76
"Guyana",2011,8.55
"Croatia",2011,12.88
"Dominica",2003,8.67
"Eritrea",2003,1.93
"Ethiopia",2003,8.42
"France",2003,13.75
"Micronesia (Federated States of)",2003,3.15
"Bangladesh",2003,4.76
"Bahrain",2003,8.76
"Fiji",2003,8.61
"Guatemala",2003,14.21
"Indonesia",2003,4.5
"Greece",2003,10.86
"Croatia",2003,10.33
"Hungary",2003,11.57
"Republic of Korea",2003,7.96
"Luxembourg",2003,13.47
"China",2003,6.88
"Georgia",2003,7.13
"Guinea",2003,2.86
"Iraq",2003,3.13
"Kuwait",2003,5.73
"Panama",2010,19.39
"Palau",2010,8.54
"Saudi Arabia",2010,6.84
"El Salvador",2010,17.09
"Togo",2010,7.45
"Poland",2010,9.98
"Senegal",2010,5.35
"Seychelles",2010,8.98
"Saint Vincent and the Grenadines",2010,8.21
"Bahrain",2011,8.05
"Türkiye",2010,10.92
"United States of America",2010,18.4
"South Africa",2010,14.14
"Belarus",2011,7.66
"Brazil",2011,9.22
"China",2011,8.6
"Ethiopia",2011,2.09
"France",2011,13.95
"Ghana",2011,12.07
"Equatorial Guinea",2011,1.47
"Central African Republic",2011,2.93
"Fiji",2011,7.47
"Gambia",2011,6.31
"Guinea-Bissau",2011,2.52
"Iran (Islamic Republic of)",2011,12.04
"Honduras",2011,15.03
"Haiti",2011,2.98
"Japan",2011,21.69
"Kenya",2011,7.98
"Lao People's Democratic Republic",2011,1.82
"Maldives",2011,11.76
"Namibia",2011,10.64
"Norway",2011,16.79
"Nepal",2011,4.87
"Panama",2011,18.09
"Jordan",2010,17.02
"Nigeria",2010,2.7
"Peru",2010,11.68
"Trinidad and Tobago",2010,8.04
"Uzbekistan",2010,8.04
"Australia",2011,16.42
"Belgium",2011,14.28
"Barbados",2011,10.62
"Canada",2011,17.58
"Congo",2011,2.34
"Paraguay",2003,10.07
"El Salvador",2003,17.4
"Sao Tome and Principe",2003,13.5
"Chad",2003,8.98
"Timor-Leste",2003,1.62
"Niger",2003,7.63
"Tajikistan",2003,4.03
"Uzbekistan",2003,6.01
"Vanuatu",2003,13.21
"Albania",2004,9.35
"Israel",2011,10.77
"Jordan",2011,15.42
"Luxembourg",2011,12.09
"Malaysia",2011,6.52
"Nigeria",2011,2.77
"Kazakhstan",2011,8.68
"Kyrgyzstan",2011,9.88
"Libya",2011,6.42
"Mauritania",2011,4.4
"Peru",2011,11.7
"Singapore",2011,11.97
"Turkmenistan",2011,8.7
"Burkina Faso",2012,4.7
"Bahamas",2012,14.06
"Botswana",2012,10.68
"New Zealand",2011,17.85
"Serbia",2011,13.38
"Tonga",2011,8.4
"Bulgaria",2012,11.18
"Guatemala",2012,14.32
"China",2012,9.04
"Egypt",2012,4.39
"Finland",2012,13.8
"Micronesia (Federated States of)",2012,3.95
"India",2012,3.44
"India",2011,3.38
"Ireland",2011,16.17
"Cambodia",2011,6.21
"Saint Lucia",2011,6.73
"Lesotho",2011,8.91
"Monaco",2011,8.98
"Mongolia",2011,5.62
"Niger",2011,8.3
"Nicaragua",2011,15
"Oman",2011,5.3
"Paraguay",2011,15.53
"Suriname",2011,8.51
"Sweden",2011,17.68
"Syrian Arab Republic",2011,3.74
"Tuvalu",2011,15.07
"Viet Nam",2011,8.41
"Zimbabwe",2011,9.12
"Angola",2012,4.2
"Burundi",2012,7.11
"Belize",2012,12.94
"Bhutan",2012,6.46
"Switzerland",2012,10.67
"Chile",2012,14.57
"Cameroon",2012,3.73
"Denmark",2012,15.32
"Samoa",2003,9.87
"Australia",2004,15.95
"Benin",2004,5.48
"Brunei Darussalam",2004,6.4
"Central African Republic",2004,11.29
"Madagascar",2003,12.91
"Marshall Islands",2003,11.41
"North Macedonia",2003,13.76
"Bhutan",2004,9.09
"Chile",2004,13.1
"Dominica",2004,8.53
"Estonia",2004,11.12
"Micronesia (Federated States of)",2004,3.93
"Gabon",2004,6.51
"Guatemala",2004,15.73
"Cameroon",2004,5.26
"Dominican Republic",2004,6.72
"Spain",2004,14.07
"Fiji",2004,9.25
"Croatia",2004,10.71
"Hungary",2004,11.09
"India",2004,2.81
"Liberia",2004,5.69
"Maldives",2004,9.6
"North Macedonia",2004,13.83
"Malta",2004,13.37
"Myanmar",2004,1.92
"Niger",2004,7.35
"Qatar",2004,7.98
"Uruguay",2004,16.25
"Bahrain",2004,9.04
"Iceland",2004,16.17
"Mauritania",2004,2.96
"Namibia",2004,17.39
"El Salvador",2004,18.69
"Republic of Korea",2011,11.58
"Morocco",2011,7.22
"Malawi",2011,6.78
"Sao Tome and Principe",2011,4.31
"Samoa",2011,10.89
"Poland",2011,10.05
"Romania",2011,8.9
"Senegal",2011,5.63
"San Marino",2011,28.68
"Eswatini",2011,14.28
"Seychelles",2011,8.29
"Thailand",2011,14.04
"United Republic of Tanzania",2011,6.76
"Ukraine",2011,7.49
"Uzbekistan",2011,8.83
"South Africa",2011,14.68
"Afghanistan",2012,1.37
"Andorra",2012,15.46
"Antigua and Barbuda",2012,14.63
"Bangladesh",2012,4.02
"Bolivia (Plurinational State of)",2012,8.31
"Brunei Darussalam",2012,5.44
"Comoros",2012,5.35
"Czechia",2012,13.05
"Germany",2012,18.23
"Dominica",2012,9.49
"Georgia",2012,5.51
"Iran (Islamic Republic of)",2012,15.96
"Iraq",2012,2.35
"Italy",2012,13.17
"Kyrgyzstan",2012,10.4
"Cambodia",2012,6.49
"Kuwait",2012,5.02
"Saint Lucia",2012,7.28
"Myanmar",2012,2.32
"Iraq",2011,4.82
"Madagascar",2011,13.94
"Netherlands (Kingdom of the)",2011,14.94
"Saudi Arabia",2011,7.58
"Solomon Islands",2011,6.77
"Chad",2011,3.69
"Zambia",2011,6.17
"Benin",2012,5.25
"Cyprus",2012,7.13
"Israel",2012,10.82
"Costa Rica",2011,32.77
"Czechia",2011,13.43
"Dominica",2011,9.09
"Denmark",2011,15.48
"Egypt",2011,4.83
"Finland",2011,13.61
"Italy",2011,13.74
"Jamaica",2011,9.53
"Kiribati",2011,9.29
"Saint Kitts and Nevis",2011,6.31
"Cook Islands",2011,8.82
"Micronesia (Federated States of)",2011,4.65
"Lebanon",2011,12.4
"Sri Lanka",2011,7.97
"Malta",2011,12.98
"Kuwait",2011,5.05
"Mozambique",2011,4.34
"Niue",2011,9.11
"Russian Federation",2011,9.03
"El Salvador",2011,18.99
"Montenegro",2011,10.73
"Philippines",2011,6.19
"Palau",2011,9.2
"Rwanda",2011,8.9
"Slovakia",2011,12.73
"Trinidad and Tobago",2011,8.01
"Venezuela (Bolivarian Republic of)",2011,7.8
"Azerbaijan",2012,3.04
"Belarus",2012,8.85
"Côte d'Ivoire",2012,4.62
"Democratic Republic of the Congo",2012,3.88
"Congo",2012,2.67
"Djibouti",2012,7.13
"Algeria",2012,10.05
"United Kingdom of Great Britain and Northern Ireland",2012,17.65
"Guinea",2012,2.57
"Equatorial Guinea",2012,1.49
"Croatia",2012,13.16
"Sri Lanka",2012,8.06
"Madagascar",2012,12.94
"Colombia",2012,16.2
"Ecuador",2012,8.54
"Guyana",2012,8.17
"Kenya",2012,7.36
"Maldives",2012,14.14
"Armenia",2011,6.7
"Switzerland",2011,10.29
"Cuba",2011,15.09
"Ecuador",2011,7.77
"Iceland",2011,12.99
"Liberia",2011,5.05
"Republic of Moldova",2011,13.04
"Nauru",2011,12.48
"Portugal",2011,12.55
"Timor-Leste",2011,2.68
"Türkiye",2011,11.12
"Vanuatu",2011,9.39
"Albania",2012,8.7
"Fiji",2012,7.51
"Ghana",2012,8.97
"Honduras",2012,12.84
"Liberia",2012,2.84
"Malta",2012,13.05
"Pakistan",2012,3.17
"Poland",2012,10.07
"Suriname",2004,11.68
"United States of America",2004,17.92
"Samoa",2004,11.04
"Armenia",2005,7.44
"Burundi",2005,6.22
"Jamaica",2004,7.65
"New Zealand",2004,17
"Poland",2004,9.11
"Slovakia",2004,13.23
"Central African Republic",2005,6.41
"Marshall Islands",2012,11.4
"Panama",2012,17.16
"Peru",2012,12.25
"Papua New Guinea",2012,8.13
"Russian Federation",2012,9.24
"San Marino",2012,26.49
"Slovenia",2012,12.51
"Eswatini",2012,12.65
"Uruguay",2012,18.64
"Uzbekistan",2012,9.76
"Benin",2005,4.83
"Bulgaria",2005,11.17
"Congo",2005,1.95
"Cabo Verde",2005,8.8
"Germany",2005,16.67
"Nigeria",2012,3.67
"Sudan",2012,9.06
"Armenia",2013,5.78
"Australia",2013,15.49
"Benin",2013,5.13
"Viet Nam",2012,8.93
"Azerbaijan",2013,2.81
"Bahrain",2013,8.46
"Switzerland",2013,10.29
"Democratic Republic of the Congo",2013,3.91
"Congo",2013,2.21
"Dominican Republic",2013,15.7
"Haiti",2013,3
"Cambodia",2013,6.64
"Republic of Korea",2013,11.99
"Eritrea",2013,2.35
"Ethiopia",2013,6.19
"Honduras",2013,11.81
"Japan",2013,22.22
"Saint Kitts and Nevis",2013,6.45
"Vanuatu",2012,9.4
"Chile",2013,15.41
"Dominica",2013,9.59
"Georgia",2013,6.85
"Guinea",2013,2.62
"Ireland",2012,17.94
"Jordan",2012,13.67
"Lebanon",2012,10.08
"Latvia",2012,8.41
"Senegal",2012,5.31
"Mexico",2012,10.66
"Mongolia",2012,6.5
"Niue",2012,4.82
"Palau",2012,9.8
"Romania",2012,9.68
"El Salvador",2012,16.27
"United Republic of Tanzania",2012,6.01
"Austria",2013,14.37
"Burkina Faso",2013,6.38
"Bulgaria",2013,10.7
"Seychelles",2012,10.41
"Timor-Leste",2012,3.21
"Tonga",2012,8.69
"Bosnia and Herzegovina",2013,14.79
"Costa Rica",2013,29.15
"Fiji",2013,7.47
"France",2013,14.01
"Ireland",2013,17.93
"Jamaica",2013,10.77
"Kazakhstan",2013,9.32
"Cameroon",2013,2.5
"Ecuador",2013,8.75
"Spain",2013,14.05
"Kenya",2013,7.15
"Lesotho",2013,7.88
"Estonia",2012,11.32
"France",2012,13.91
"Indonesia",2012,4.07
"Iceland",2012,13.7
"Jamaica",2012,9.16
"Lesotho",2012,8.26
"Lithuania",2012,11.55
"Nepal",2012,4.69
"Solomon Islands",2012,6.73
"Sierra Leone",2012,4.68
"Slovakia",2012,13.04
"Yemen",2012,3.43
"Zimbabwe",2012,9.8
"Afghanistan",2013,1.78
"Albania",2013,8.83
"Burundi",2013,4.43
"Belgium",2013,14.32
"Bangladesh",2013,3.62
"Bolivia (Plurinational State of)",2013,8.49
"Cook Islands",2013,8.07
"Cabo Verde",2013,9.03
"Czechia",2013,15.1
"Algeria",2013,11.85
"Egypt",2013,4.16
"Finland",2013,13.71
"Guyana",2013,8.75
"Italy",2013,13.05
"Morocco",2013,7.65
"North Macedonia",2013,13.93
"Mali",2013,4.13
"Montenegro",2013,10.69
"Mozambique",2013,4.73
"Peru",2013,12.33
"Saudi Arabia",2013,8.75
"Solomon Islands",2013,6.74
"Djibouti",2005,5.33
"Micronesia (Federated States of)",2005,4.46
"Greece",2005,11.44
"Honduras",2005,12.37
"Haiti",2005,6.67
"Iran (Islamic Republic of)",2005,9.01
"Saint Kitts and Nevis",2005,6.41
"Republic of Korea",2005,9.44
"Libya",2005,5.78
"Saint Lucia",2005,6.16
"Cameroon",2005,5.25
"France",2005,13.91
"Lithuania",2005,10.05
"Nigeria",2005,6.41
"Netherlands (Kingdom of the)",2005,14.69
"Maldives",2005,7.65
"North Macedonia",2005,13.47
"Myanmar",2005,1.29
"Niger",2005,12.35
"New Zealand",2005,17.38
"Belgium",2005,13.3
"Cyprus",2005,5.74
"Luxembourg",2005,13.8
"Malta",2005,14.12
"Qatar",2005,6.62
"Pakistan",2005,4.04
"Panama",2005,16.47
"Poland",2005,9
"Senegal",2005,8.54
"Singapore",2005,7.89
"Belgium",2012,14.22
"Bahrain",2012,8.3
"Ethiopia",2012,6.41
"Namibia",2012,11.05
"Thailand",2012,14.39
"Mozambique",2012,4.39
"Mauritania",2012,4.17
"Malawi",2012,5.1
"New Zealand",2012,19.18
"Oman",2012,4.88
"Syrian Arab Republic",2012,4.47
"Togo",2012,6.11
"Tajikistan",2012,6.55
"Tuvalu",2012,15.51
"Uganda",2012,7.05
"Ukraine",2012,7.64
"United States of America",2012,19.63
"Saint Vincent and the Grenadines",2012,10.48
"Zambia",2012,6.03
"Argentina",2013,16.54
"Botswana",2013,11.93
"Côte d'Ivoire",2013,4.59
"Comoros",2013,4.45
"Cyprus",2013,7.37
"Gambia",2013,6.31
"South Africa",2012,14.47
"United Arab Emirates",2013,8.53
"Antigua and Barbuda",2013,13.3
"Equatorial Guinea",2013,1.46
"Guatemala",2013,15.83
"Guinea-Bissau",2013,4.44
"Kuwait",2013,5.48
"Liberia",2013,1.25
"Marshall Islands",2013,11.92
"Mongolia",2013,7.11
"Malaysia",2013,6.82
"Niger",2013,6.56
"Norway",2013,17.1
"Philippines",2013,6.27
"Palau",2013,11.55
"Indonesia",2013,4.28
"Israel",2013,10.9
"Myanmar",2013,2.71
"Malawi",2013,7.16
"Oman",2013,5.58
"Papua New Guinea",2013,7.19
"Senegal",2013,5.3
"Seychelles",2013,8.48
"Türkiye",2013,10.09
"Tuvalu",2013,12.36
"Armenia",2014,6.28
"Australia",2014,17.77
"Bulgaria",2014,10.36
"Brunei Darussalam",2014,5.2
"Botswana",2014,10.96
"Kazakhstan",2012,9.45
"North Macedonia",2012,12.43
"Netherlands (Kingdom of the)",2012,15.4
"Philippines",2012,6.08
"Turkmenistan",2012,8.71
"Angola",2013,4.58
"Brazil",2013,9.48
"Brunei Darussalam",2013,5.12
"Canada",2013,18.44
"Colombia",2013,16.34
"Cuba",2013,14.14
"Germany",2013,18.7
"Jordan",2013,13.13
"Lao People's Democratic Republic",2013,2.94
"Russian Federation",2013,9.15
"Slovakia",2005,12.46
"Eswatini",2005,12.61
"Seychelles",2005,9.29
"Tajikistan",2005,4.3
"United Republic of Tanzania",2005,12.62
"Uruguay",2005,13.28
"United States of America",2005,17.94
"South Africa",2005,10.92
"Burundi",2006,6.48
"Burkina Faso",2006,6.54
"Russian Federation",2005,9.9
"Austria",2006,13.78
"Benin",2006,5.53
"Bulgaria",2006,10.79
"Bahrain",2006,8.94
"Saint Lucia",2013,8.16
"Maldives",2013,15.93
"Mauritius",2013,8.01
"Namibia",2013,10.91
"Nepal",2013,4.88
"Portugal",2013,11.73
"Paraguay",2013,15.02
"Singapore",2013,13.96
"Chad",2013,5.04
"Tonga",2013,8.11
"New Zealand",2013,19.2
"Poland",2013,10.49
"Serbia",2013,13.17
"United States of America",2013,20.37
"Viet Nam",2013,9.78
"Trinidad and Tobago",2013,7.89
"Uruguay",2013,18.63
"Samoa",2013,13.11
"Andorra",2014,21.9
"Azerbaijan",2014,3.1
"Bangladesh",2014,3.59
"Belize",2014,12.23
"Bhutan",2014,7.72
"Costa Rica",2014,29.14
"Dominica",2014,9.62
"Angola",2014,3.62
"Democratic Republic of the Congo",2014,2.98
"United Kingdom of Great Britain and Northern Ireland",2014,18.48
"Hungary",2014,9.39
"Iran (Islamic Republic of)",2014,22.6
"Gabon",2014,6.38
"Guinea-Bissau",2014,2.6
"Greece",2014,8.85
"India",2014,3.25
"Kiribati",2014,7.28
"India",2013,3.24
"Kyrgyzstan",2013,10.35
"Monaco",2013,9.23
"Nigeria",2013,3.46
"Netherlands (Kingdom of the)",2013,15.67
"Panama",2013,17.58
"El Salvador",2013,16.72
"San Marino",2013,24.76
"Togo",2013,4.69
"Tajikistan",2013,6.83
"Timor-Leste",2013,4.62
"Saint Vincent and the Grenadines",2013,9.07
"Yemen",2013,3.18
"Albania",2014,8.17
"Belgium",2014,14.52
"Colombia",2014,16.18
"Algeria",2014,11.61
"Ethiopia",2014,4.09
"Saint Kitts and Nevis",2014,6.7
"Kuwait",2014,5.57
"Philippines",2005,6.61
"Papua New Guinea",2005,7.83
"Uzbekistan",2005,6.47
"United Arab Emirates",2006,8.53
"Cyprus",2006,6.05
"Cameroon",2006,5.18
"Cook Islands",2006,9.63
"Comoros",2006,5.18
"Cuba",2006,11.21
"Denmark",2006,15.43
"Kiribati",2013,9.1
"Latvia",2013,8.42
"Rwanda",2013,8.3
"Slovakia",2013,12.94
"Eswatini",2013,11.66
"Mauritania",2013,5.39
"Slovenia",2013,10.2
"Tunisia",2013,12.5
"Uzbekistan",2013,9.52
"Burkina Faso",2014,7.77
"Venezuela (Bolivarian Republic of)",2013,5.63
"Benin",2014,4.04
"Bahamas",2014,15.07
"Cameroon",2014,2.94
"Cuba",2014,18.02
"Egypt",2014,4.16
"Indonesia",2014,5.34
"Liberia",2014,2.47
"Myanmar",2014,4.47
"Mongolia",2014,7.49
"Cook Islands",2014,6.71
"Japan",2014,22.57
"Palau",2014,11.03
"Qatar",2014,6.5
"Eswatini",2014,8.54
"Sao Tome and Principe",2013,8.44
"Sweden",2013,17.74
"Zimbabwe",2013,9.65
"Afghanistan",2014,1.86
"Belarus",2014,8.68
"Bolivia (Plurinational State of)",2014,8.54
"Central African Republic",2014,3.95
"Germany",2014,19.16
"Ecuador",2014,9.44
"Micronesia (Federated States of)",2014,6.16
"Georgia",2014,7.78
"Guinea",2014,3.03
"Guyana",2014,9.35
"Croatia",2014,11.43
"Jamaica",2014,11.25
"Sri Lanka",2014,9.03
"Marshall Islands",2014,11.64
"Mauritania",2014,5.24
"Rwanda",2014,7.98
"Senegal",2014,4.68
"El Salvador",2014,16.98
"Suriname",2014,6.9
"Slovakia",2014,12.63
"Tunisia",2014,13.54
"Saint Vincent and the Grenadines",2014,8.33
"Vanuatu",2014,2.52
"South Africa",2014,14.92
"Afghanistan",2015,2.01
"Albania",2015,8.88
"Andorra",2015,16.1
"Dominican Republic",2006,8.67
"Gambia",2006,6.31
"Equatorial Guinea",2006,1.44
"Guatemala",2006,14.59
"Israel",2006,9.86
"Japan",2006,17.87
"Kuwait",2006,4.37
"Mexico",2006,10.73
"Mali",2006,5.55
"Malaysia",2006,6.55
"Bosnia and Herzegovina",2006,10.96
"Côte d'Ivoire",2006,3.86
"Grenada",2006,6.31
"Iceland",2006,15.57
"Jamaica",2006,6.26
"Sri Lanka",2006,9.56
"Nigeria",2006,7.32
"Philippines",2006,6.63
"Saudi Arabia",2006,9.69
"Thailand",2006,14.8
"Nauru",2006,26.08
"Peru",2006,11.57
"Romania",2006,11.28
"Sweden",2006,12.99
"Tajikistan",2006,4.27
"Lithuania",2006,10.62
"Mongolia",2006,9.51
"Niue",2006,39.68
"Sao Tome and Principe",2006,1.69
"Turkmenistan",2006,10.34
"Romania",2013,11.52
"Argentina",2014,16.29
"China",2014,9.66
"France",2014,14.18
"Lebanon",2014,12.39
"Mali",2014,4.45
"New Zealand",2014,19.46
"Peru",2014,13.11
"Sierra Leone",2014,7.58
"Tuvalu",2014,12.67
"United Republic of Tanzania",2014,6.94
"Bhutan",2015,9.26
"Cuba",2015,18.25
"Spain",2015,14.83
"Ethiopia",2015,5.57
"Comoros",2014,3.82
"Cabo Verde",2014,9.98
"Denmark",2014,15.77
"Spain",2014,14.16
"Ghana",2014,6.72
"Grenada",2014,7.3
"Haiti",2014,3.2
"Italy",2014,13.15
"Kazakhstan",2014,10.03
"Kenya",2014,7.85
"Cambodia",2014,5.71
"Monaco",2014,8.29
"Republic of Moldova",2014,12.76
"Niger",2014,5.4
"Nigeria",2014,3.34
"Norway",2014,17.23
"Nepal",2014,5.27
"Philippines",2014,7.3
"Sudan",2014,10.62
"Singapore",2014,13.66
"San Marino",2014,31.31
"Serbia",2014,12.02
"Sweden",2014,18.15
"Turkmenistan",2014,8.71
"Ukraine",2014,7.71
"Uruguay",2014,18.82
"Zimbabwe",2014,13.36
"Bahrain",2015,8.87
"Belarus",2015,8.83
"Barbados",2015,9.08
"Barbados",2014,9.92
"Chile",2014,15.69
"Oman",2014,6.81
"Yemen",2014,2.82
"United Arab Emirates",2015,7.89
"Timor-Leste",2006,4
"Tonga",2006,11.16
"Tuvalu",2006,9.89
"United Republic of Tanzania",2006,13.51
"Uruguay",2006,13.71
"Samoa",2006,12.42
"Yemen",2006,4.35
"Brunei Darussalam",2007,5.77
"Côte d'Ivoire",2007,3.96
"Colombia",2007,16.28
"Afghanistan",2007,2.61
"Bosnia and Herzegovina",2007,11.33
"Cabo Verde",2007,10.09
"Cuba",2007,14.48
"Algeria",2007,8.02
"Saint Lucia",2014,8.12
"Lesotho",2014,9.86
"Madagascar",2014,13.92
"Maldives",2014,16.86
"Mexico",2014,10.35
"North Macedonia",2014,12.67
"Mozambique",2014,4.32
"Malawi",2014,8.58
"Poland",2014,10.48
"Paraguay",2014,17.6
"Kyrgyzstan",2014,7.14
"Republic of Korea",2014,12.2
"Portugal",2014,11.15
"Romania",2014,11.19
"Thailand",2014,14.45
"Solomon Islands",2014,7.45
"Chad",2014,5.55
"Tonga",2014,9.18
"Uganda",2014,7.01
"United States of America",2014,21.48
"Trinidad and Tobago",2014,7.47
"Belize",2015,11.35
"Costa Rica",2015,29.49
"France",2015,14.56
"Micronesia (Federated States of)",2015,5.77
"Viet Nam",2014,8.51
"Armenia",2015,6.12
"Azerbaijan",2015,3.37
"Burundi",2015,10.44
"United Kingdom of Great Britain and Northern Ireland",2015,18.7
"Ireland",2015,18.14
"Republic of Korea",2015,12.55
"Lebanon",2015,12.46
"Mozambique",2015,5.55
"Mauritania",2015,5.53
"Georgia",2015,9.61
"Indonesia",2015,6.63
"Mexico",2015,10.86
"Montenegro",2015,11.63
"Mauritius",2015,9.46
"Malawi",2015,9.73
"Nauru",2015,9.89
"New Zealand",2015,18.89
"Panama",2015,19.75
"Senegal",2015,4.7
"Lithuania",2014,11.87
"Luxembourg",2014,10.85
"Malaysia",2014,7.82
"Nauru",2014,10.09
"Saudi Arabia",2014,9.28
"Botswana",2015,10.42
"Algeria",2015,10.73
"Israel",2015,11.69
"Latvia",2015,8.58
"Marshall Islands",2015,11.57
"Mali",2015,4.39
"Malta",2015,14.05
"Mongolia",2015,7.73
"Eswatini",2015,8.58
"United Republic of Tanzania",2015,7.33
"Finland",2015,13.41
"Gabon",2015,7.03
"Hungary",2015,9.22
"Lesotho",2015,10.26
"Myanmar",2015,4.98
"Dominican Republic",2015,14.2
"Estonia",2015,12.51
"Equatorial Guinea",2015,1.33
"Greece",2015,8.77
"Grenada",2015,7.66
"Honduras",2015,11.33
"Croatia",2015,11.54
"Kyrgyzstan",2015,7.12
"Cambodia",2015,6.63
"Lithuania",2015,12.2
"Monaco",2015,8.09
"Maldives",2015,18.45
"North Macedonia",2015,12.78
"Malaysia",2015,8.23
"Nigeria",2015,5.33
"Peru",2015,13.53
"Russian Federation",2015,8.82
"Rwanda",2015,7.91
"Saudi Arabia",2015,10.06
"Slovakia",2015,11.69
"Thailand",2015,14.79
"Turkmenistan",2015,8.71
"Saint Vincent and the Grenadines",2015,9.15
"Zimbabwe",2015,7.56
"Andorra",2016,11.75
"Dominica",2015,9.73
"India",2015,3.38
"Italy",2015,13.1
"Netherlands (Kingdom of the)",2015,15.26
"Poland",2015,10.64
"Barbados",2007,10.53
"Central African Republic",2007,9.87
"Costa Rica",2007,31.21
"Dominican Republic",2007,10.35
"Gabon",2007,6.36
"Djibouti",2007,6.53
"Ecuador",2007,8.48
"Spain",2007,14.59
"Fiji",2007,10.59
"United Kingdom of Great Britain and Northern Ireland",2007,17.23
"Ghana",2007,9.13
"Guinea-Bissau",2007,10.68
"Greece",2007,11.3
"Honduras",2007,13.64
"Israel",2007,9.91
"Grenada",2007,7.26
"Hungary",2007,9.79
"Iran (Islamic Republic of)",2007,11.54
"Kazakhstan",2007,7.56
"Kenya",2007,7.04
"Timor-Leste",2014,3.72
"Venezuela (Bolivarian Republic of)",2014,5.74
"Zambia",2014,7.67
"Switzerland",2015,10.54
"Comoros",2015,2.45
"Russian Federation",2014,9.16
"Bosnia and Herzegovina",2015,14.98
"Brunei Darussalam",2015,5.86
"Democratic Republic of the Congo",2015,3.84
"Fiji",2015,7.04
"Cabo Verde",2015,10.09
"Ecuador",2015,10.87
"Egypt",2015,5.06
"Jordan",2015,12.22
"Kazakhstan",2015,8.39
"Morocco",2015,6.98
"Romania",2015,10.68
"Solomon Islands",2015,7.25
"Sierra Leone",2015,7.91
"El Salvador",2015,17.74
"Guinea",2015,1.98
"Liberia",2015,3.25
"Sudan",2015,18.29
"Ukraine",2015,8.55
"Vanuatu",2015,4.76
"Zambia",2015,7.38
"United Arab Emirates",2016,7.89
"Burundi",2016,10.39
"Benin",2016,3.73
"Bosnia and Herzegovina",2016,15.63
"Antigua and Barbuda",2015,11.82
"Benin",2015,3.23
"Canada",2015,18.97
"Congo",2015,2.71
"Cook Islands",2015,4.84
"Cyprus",2015,7.06
"Denmark",2015,15.98
"Ghana",2015,8.56
"Guinea-Bissau",2015,2.5
"Guatemala",2015,18.11
"Guyana",2015,10.77
"Iceland",2015,15
"Lao People's Democratic Republic",2015,3.35
"Madagascar",2015,15.27
"Norway",2015,17.58
"Paraguay",2015,15.43
"Qatar",2015,8.29
"San Marino",2015,28.18
"Serbia",2015,11.92
"Chad",2015,5.25
"Uzbekistan",2015,9.6
"South Africa",2015,15.24
"Afghanistan",2016,2.14
"Burkina Faso",2016,11.03
"Bolivia (Plurinational State of)",2016,11.09
"Italy",2007,13.48
"Norway",2007,16.14
"Panama",2007,22.24
"Poland",2007,9.54
"Paraguay",2007,12.31
"India",2007,2.96
"Saint Kitts and Nevis",2007,6.48
"North Macedonia",2007,12.85
"Philippines",2007,6.46
"Senegal",2007,5.95
"Libya",2007,4.81
"Niue",2007,11.84
"Palau",2007,6.94
"Portugal",2007,13.03
"Sierra Leone",2007,8.29
"Rwanda",2007,7.79
"Slovakia",2007,13.56
"Tonga",2007,13.68
"Türkiye",2007,10.77
"Uruguay",2007,13.54
"Serbia",2007,13.56
"Thailand",2007,14.59
"Uganda",2007,7.82
"Uzbekistan",2007,7.24
"Antigua and Barbuda",2008,8.08
"Viet Nam",2007,6.81
"Benin",2008,3.87
"Bolivia (Plurinational State of)",2008,7.65
"Barbados",2008,11.28
"Brunei Darussalam",2008,6.21
"Botswana",2008,7.64
"Chile",2008,13.46
"China",2008,7.71
"Dominican Republic",2008,11.6
"Algeria",2008,7.97
"Brunei Darussalam",2016,6.15
"Equatorial Guinea",2016,2.5
"Hungary",2016,10.11
"India",2016,3.39
"Iran (Islamic Republic of)",2016,21.08
"Côte d'Ivoire",2016,4.85
"Algeria",2016,10.73
"Spain",2016,15.09
"Luxembourg",2016,10.69
"Monaco",2016,6.7
"Kyrgyzstan",2016,6.42
"Saint Lucia",2016,8.52
"Mongolia",2016,6.33
"Nepal",2016,5.31
"Panama",2016,20.33
"Malaysia",2016,8.26
"Namibia",2016,10.47
"Philippines",2016,7.9
"Paraguay",2016,16.18
"Eswatini",2016,8.22
"Brazil",2016,9.96
"Czechia",2016,14.64
"Germany",2016,19.57
"Djibouti",2016,4.07
"Ghana",2016,6.54
"Guinea",2016,4.11
"Gambia",2016,6.66
"Grenada",2016,7.51
"Croatia",2016,11.92
"Iraq",2016,1.68
"Iceland",2016,14.21
"Saint Kitts and Nevis",2016,8.18
"Republic of Korea",2016,13.13
"Montenegro",2016,10.92
"Niger",2016,5.69
"Nicaragua",2016,17.39
"Niue",2016,4.97
"Norway",2016,17.55
"Oman",2016,8.41
"Portugal",2016,12.9
"Romania",2016,11.31
"Russian Federation",2016,8.23
"Sudan",2016,12.94
"Senegal",2016,4.46
"Togo",2016,4.26
"Poland",2016,10.94
"Tuvalu",2016,8.66
"Vanuatu",2016,3.66
"Argentina",2017,16.05
"Central African Republic",2017,5.26
"Turkmenistan",2016,8.71
"Tonga",2016,8.03
"Trinidad and Tobago",2016,10.17
"Viet Nam",2016,9.64
"Afghanistan",2017,2.32
"Antigua and Barbuda",2017,11.61
"Austria",2017,15.55
"Azerbaijan",2017,2.82
"Benin",2017,4.58
"Burkina Faso",2017,9.99
"Micronesia (Federated States of)",2008,4.97
"Honduras",2008,12.57
"Jamaica",2008,8.36
"Kiribati",2008,12.69
"Republic of Korea",2008,10.37
"Argentina",2016,13.47
"Austria",2016,14.96
"Bhutan",2016,7.96
"Botswana",2016,11.21
"Chile",2016,16.75
"Cameroon",2016,1.81
"Democratic Republic of the Congo",2016,3.81
"Congo",2016,2.89
"Dominican Republic",2016,15.7
"France",2016,15.2
"Philippines",2015,8.19
"Bulgaria",2016,11.83
"Central African Republic",2016,4.95
"Switzerland",2016,10.52
"Jamaica",2016,12.68
"Georgia",2016,10.33
"Guatemala",2016,18.21
"Haiti",2016,4.97
"Italy",2016,13.23
"Kenya",2016,8.03
"Kiribati",2016,6.47
"North Macedonia",2016,13.05
"Malta",2016,15.54
"New Zealand",2016,19.22
"Palau",2016,16.51
"Qatar",2016,7.59
"Rwanda",2016,8.88
"Solomon Islands",2016,7.39
"El Salvador",2016,17.65
"Serbia",2016,11.65
"Myanmar",2016,3.05
"Peru",2016,14.6
"San Marino",2016,32.13
"Tajikistan",2016,5.14
"Zambia",2016,7.16
"Seychelles",2016,9.5
"Chad",2016,5.73
"United Republic of Tanzania",2016,9.52
"Samoa",2016,13.92
"Zimbabwe",2016,6.69
"Armenia",2017,5.27
"Belgium",2017,15.95
"Bangladesh",2017,4.11
"Bosnia and Herzegovina",2017,15.47
"Belarus",2017,10.2
"Angola",2017,5.36
"Bolivia (Plurinational State of)",2017,11.52
"Bhutan",2017,7.58
"Djibouti",2017,4.07
"Ecuador",2017,12.45
"Spain",2017,15.31
"Estonia",2017,12.36
"Grenada",2017,8.35
"Guyana",2017,10.55
"Hungary",2017,9.87
"Singapore",2015,13.54
"Timor-Leste",2015,4.51
"Tuvalu",2015,8.72
"Venezuela (Bolivarian Republic of)",2015,4.84
"Comoros",2016,3.04
"Eritrea",2016,2.35
"Honduras",2016,11.3
"Israel",2016,11.73
"Republic of Moldova",2016,12.21
"Mauritania",2016,5.76
"Saint Lucia",2008,7.22
"Lesotho",2008,7.5
"Malta",2008,12.07
"Myanmar",2008,1.32
"Mongolia",2008,8.55
"Georgia",2008,4.83
"Grenada",2008,7.03
"Kyrgyzstan",2008,10.39
"Luxembourg",2008,14.4
"Nicaragua",2008,14.58
"Malaysia",2008,5.93
"Niger",2008,9.19
"Palau",2008,6.88
"Senegal",2008,6.62
"El Salvador",2008,16.66
"Suriname",2007,11.44
"Sweden",2007,13.39
"Fiji",2008,9.78
"Mauritius",2008,6.12
"Sudan",2008,8.79
"Seychelles",2008,8.9
"Tunisia",2008,11.84
"Tuvalu",2008,11.08
"United Republic of Tanzania",2008,12.49
"Uruguay",2008,17.33
"Philippines",2008,6.51
"Togo",2008,4.84
"Thailand",2008,15.28
"Ukraine",2008,6.78
"Angola",2009,5.78
"Vanuatu",2008,8.18
"South Africa",2008,13.01
"Bulgaria",2009,9.04
"Bhutan",2009,6.19
"Central African Republic",2009,4.57
"Trinidad and Tobago",2008,6.55
"Benin",2009,4.4
"Bahamas",2009,15.01
"Côte d'Ivoire",2009,4.65
"Cabo Verde",2009,8.31
"Suriname",2015,10.86
"Slovenia",2015,12.45
"Togo",2015,4.22
"Uganda",2015,5.08
"Armenia",2016,6.05
"Niger",2015,4.59
"Nepal",2015,5.15
"Bahamas",2016,14.62
"Colombia",2016,17.66
"Ethiopia",2016,5.02
"Belgium",2016,15.63
"Belize",2016,12.11
"China",2016,8.95
"Cyprus",2016,7.5
"Ireland",2016,19.29
"Japan",2016,23.18
"Kazakhstan",2016,9.48
"Lesotho",2016,9.41
"Lithuania",2016,12.75
"Mexico",2016,10.41
"Mauritius",2016,10.2
"Pakistan",2016,3.96
"Papua New Guinea",2016,8.04
"Sao Tome and Principe",2016,8
"Uzbekistan",2016,8.82
"Guyana",2016,10
"Maldives",2016,19.75
"United States of America",2016,22.42
"Barbados",2017,9.08
"Costa Rica",2017,26.9
"Australia",2017,18.66
"Bahrain",2017,7.98
"Brunei Darussalam",2017,5.87
"Eritrea",2017,2.35
"France",2017,15.22
"Georgia",2017,9.52
"Guinea",2017,3.46
"Gambia",2017,4.49
"Israel",2017,11.77
"Jamaica",2017,13.95
"Cuba",2017,15.51
"Italy",2017,13.12
"Kazakhstan",2017,7.86
"Lao People's Democratic Republic",2017,4.08
"Mauritania",2017,6.07
"Lesotho",2017,10.93
"Morocco",2017,7.12
"Myanmar",2017,3.62
"Malaysia",2017,8.72
"Oman",2017,8.95
"Pakistan",2017,4.77
"Rwanda",2017,8.88
"Chad",2017,4.68
"Timor-Leste",2017,5.15
"Zambia",2017,7.16
"Zimbabwe",2017,5.56
"Afghanistan",2018,1.91
"Argentina",2018,15.31
"Armenia",2018,5.13
"Australia",2018,18.64
"Sweden",2017,18.56
"United States of America",2017,22.49
"Uzbekistan",2017,8.98
"United Arab Emirates",2018,7.4
"Bangladesh",2018,3.75
"Viet Nam",2015,7.9
"Yemen",2015,2.23
"Angola",2016,5.43
"Azerbaijan",2016,3.29
"Cuba",2016,17.3
"Madagascar",2016,17.51
"Saudi Arabia",2016,12.61
"Suriname",2016,13.71
"Timor-Leste",2016,3.07
"Uruguay",2016,20.26
"Andorra",2017,14.37
"United Arab Emirates",2017,7.36
"Canada",2017,18.72
"Cyprus",2017,7.54
"Czechia",2017,15.91
"Latvia",2017,8.82
"Madagascar",2017,15.03
"Nicaragua",2017,17.82
"Suriname",2017,11.39
"Slovenia",2017,13.33
"Iran (Islamic Republic of)",2017,21.07
"Iceland",2017,15.23
"Jordan",2017,12.4
"Republic of Korea",2017,13.6
"Sri Lanka",2017,7.64
"Switzerland",2009,9.97
"China",2009,8.38
"Democratic Republic of the Congo",2009,2.5
"Finland",2009,13.38
"United Kingdom of Great Britain and Northern Ireland",2009,17.32
"Maldives",2017,21.47
"Malta",2017,15.94
"Mauritius",2017,10.2
"Niue",2017,5.08
"Nauru",2017,8.26
"Philippines",2017,7.78
"Papua New Guinea",2017,9.15
"Sierra Leone",2017,3.63
"Slovakia",2017,13.52
"Tajikistan",2017,5.88
"Guatemala",2017,17.21
"Kyrgyzstan",2017,6.34
"Luxembourg",2017,10.55
"Montenegro",2017,9.73
"Tuvalu",2017,9.97
"Tonga",2017,7.32
"Ukraine",2017,8.44
"Viet Nam",2017,10.09
"Burkina Faso",2018,8.78
"Bahrain",2018,7.23
"Chile",2018,18.3
"China",2018,8.76
"Congo",2018,3.49
"Costa Rica",2018,27.81
"Djibouti",2018,4.31
"Saint Vincent and the Grenadines",2017,9.49
"Angola",2018,5.36
"Barbados",2018,9.89
"Brunei Darussalam",2018,7.14
"Guatemala",2018,16.67
"Georgia",2018,10.32
"Guyana",2018,10.61
"Indonesia",2018,8.39
"Italy",2018,13.25
"Saint Lucia",2018,8.53
"Netherlands (Kingdom of the)",2016,15.46
"Slovenia",2016,13.25
"Albania",2017,9.11
"Dominica",2017,6.77
"Peru",2017,14.39
"South Sudan",2017,2.11
"Seychelles",2017,10.14
"Thailand",2017,14.53
"Belgium",2018,15.95
"Benin",2018,2.96
"Dominica",2018,6.16
"Greece",2018,8.73
"Kazakhstan",2018,9.1
"Kenya",2018,7.23
"Liberia",2018,5.2
"Austria",2009,13.76
"Cook Islands",2009,10.86
"Cyprus",2009,6.53
"Georgia",2009,5.88
"Gambia",2009,6.31
"Guinea",2009,1.6
"Jamaica",2009,7.45
"Kyrgyzstan",2009,10.7
"Cambodia",2009,5.97
"Lebanon",2009,8.34
"Lithuania",2009,11.78
"Monaco",2009,9.02
"North Macedonia",2009,12.19
"Malta",2009,12.5
"Mauritania",2009,4.48
"Guinea-Bissau",2009,12.94
"Mongolia",2009,8.75
"Niue",2009,18.99
"Panama",2009,20.51
"Sudan",2009,14.02
"Nauru",2009,9.25
"Papua New Guinea",2009,6.32
"Qatar",2009,4.65
"San Marino",2009,20.11
"Togo",2009,4.78
"Eritrea",2009,2.35
"Honduras",2009,13.99
"India",2009,3.19
"Japan",2009,18.06
"Paraguay",2009,13.95
"Sweden",2009,13.82
"Trinidad and Tobago",2009,7.05
"Tunisia",2009,12.08
"Uruguay",2009,17.27
"Andorra",2010,25.35
"Russian Federation",2009,9.08
"Solomon Islands",2009,7.01
"Eswatini",2009,13.33
"Samoa",2009,12.67
"Bahrain",2010,8.23
"Thailand",2009,14.38
"United Republic of Tanzania",2009,7.58
"Antigua and Barbuda",2010,13.9
"Bangladesh",2010,4.44
"Bhutan",2010,5.65
"Saint Vincent and the Grenadines",2016,9.56
"Belize",2017,11.62
"Colombia",2017,18.6
"Denmark",2017,16.77
"Indonesia",2017,8.15
"Cambodia",2017,6.79
"Lithuania",2017,12.7
"Namibia",2017,10.65
"Panama",2017,20.64
"Tunisia",2017,11.66
"Ethiopia",2017,4.79
"Japan",2017,24.46
"United Republic of Tanzania",2017,9.52
"Andorra",2018,14.72
"Azerbaijan",2018,2.81
"Brazil",2017,10.32
"China",2017,8.8
"Cabo Verde",2017,10.39
"Germany",2017,19.89
"Dominican Republic",2017,15.72
"Egypt",2017,5.42
"Fiji",2017,7.72
"United Kingdom of Great Britain and Northern Ireland",2017,18.92
"Greece",2017,8.74
"India",2017,3.4
"Ireland",2017,19.9
"Iraq",2017,5
"Kiribati",2017,7.36
"Liberia",2017,3.96
"Saint Lucia",2017,8.75
"Mexico",2017,10.73
"Marshall Islands",2017,9.67
"Mozambique",2017,6
"Russian Federation",2017,8.78
"Saudi Arabia",2017,13.51
"Eswatini",2017,9.97
"Togo",2017,6.45
"Uganda",2017,3.92
"Uruguay",2017,20.34
"Samoa",2017,12.7
"Antigua and Barbuda",2018,13.07
"Bosnia and Herzegovina",2018,15.14
"Belize",2018,12.21
"Central African Republic",2018,3.91
"Switzerland",2018,10.93
"Belarus",2018,10.31
"Côte d'Ivoire",2018,5.12
"Grenada",2018,8.33
"Iran (Islamic Republic of)",2018,22.54
"Sri Lanka",2018,9.49
"Türkiye",2017,9.74
"Brazil",2018,10.32
"Comoros",2018,3.99
"Gambia",2018,5.14
"Republic of Moldova",2018,12.03
"Cabo Verde",2018,10.39
"Germany",2018,19.97
"Spain",2018,15.16
"Micronesia (Federated States of)",2018,5.53
"Honduras",2018,10.89
"India",2018,3.46
"Israel",2018,11.76
"Jordan",2018,12.63
"Cambodia",2018,7.17
"Kiribati",2018,6.46
"Congo",2010,3.6
"Czechia",2010,13.1
"Estonia",2010,11.65
"Ethiopia",2010,5.11
"Finland",2010,13.32
"Latvia",2018,9.38
"Mali",2018,5.67
"Mozambique",2018,5.76
"Mauritius",2018,10.2
"Nigeria",2018,3.88
"Haiti",2018,4.72
"Republic of Korea",2018,14.16
"North Macedonia",2018,12.41
"Malawi",2018,8.67
"Romania",2018,12.72
"Oman",2018,7.25
"Panama",2018,19.9
"Palau",2018,17.16
"Portugal",2018,13.31
"Sudan",2018,6.17
"Sao Tome and Principe",2018,10.76
"Suriname",2018,17.45
"Thailand",2018,14.42
"Samoa",2018,12.32
"Argentina",2019,16.07
"Armenia",2019,5.67
"Antigua and Barbuda",2019,11.3
"Australia",2019,17.23
"Belgium",2019,15.62
"Bolivia (Plurinational State of)",2019,13.58
"Botswana",2019,12.01
"Central African Republic",2019,4.84
"Switzerland",2019,11.06
"China",2019,8.77
"Cook Islands",2019,7.82
"Bolivia (Plurinational State of)",2018,12.93
"Democratic Republic of the Congo",2018,4.48
"Colombia",2018,15.76
"Cuba",2018,14.94
"Denmark",2018,16.73
"Eritrea",2018,2.35
"Estonia",2018,12.54
"Finland",2018,13.33
"Hungary",2018,9.86
"Kuwait",2018,8.98
"Lebanon",2018,11.55
"Lesotho",2018,9.61
"Lithuania",2018,12.68
"Morocco",2018,7.18
"Monaco",2018,6.65
"Madagascar",2018,10.48
"Niger",2018,8.35
"Nepal",2018,3.81
"Papua New Guinea",2018,7.95
"Rwanda",2018,8.88
"Singapore",2018,14.54
"Serbia",2018,12.45
"Sweden",2018,18.61
"Timor-Leste",2018,4.62
"Tonga",2018,8.07
"Tajikistan",2018,6.14
"Uzbekistan",2018,7.77
"Burundi",2019,8.31
"Belarus",2019,11.04
"Belize",2019,12.15
"South Africa",2017,15.29
"Botswana",2018,11.54
"Jamaica",2018,13.04
"El Salvador",2018,16.68
"United Republic of Tanzania",2018,9.41
"United Kingdom of Great Britain and Northern Ireland",2010,17.09
"Ghana",2010,11.92
"Haiti",2010,6.43
"Israel",2010,10.73
"Kenya",2010,7.24
"Brunei Darussalam",2010,5.78
"Cook Islands",2010,9.54
"Guinea-Bissau",2010,5.6
"Guatemala",2010,14.25
"Cambodia",2010,6.52
"Benin",2010,5.15
"France",2010,13.9
"Georgia",2010,6.15
"Mauritius",2010,8.3
"Niue",2010,6.94
"Saint Lucia",2010,6.98
"Latvia",2010,8.01
"Mauritania",2010,4.22
"Portugal",2010,12.86
"Romania",2010,11.51
"Sierra Leone",2010,6.29
"Slovakia",2010,12.92
"Syrian Arab Republic",2010,5.12
"Thailand",2010,14.36
"Timor-Leste",2010,2.71
"Ukraine",2010,7.5
"Venezuela (Bolivarian Republic of)",2010,8.19
"United Arab Emirates",2011,8.53
"Azerbaijan",2011,2.81
"Belize",2011,12.7
"Lithuania",2010,11.43
"Philippines",2010,7.18
"Burkina Faso",2011,6.59
"Bangladesh",2011,4.18
"Chile",2011,14.01
"Mexico",2018,10.41
"Marshall Islands",2018,12.26
"Myanmar",2018,3.45
"Namibia",2018,10.65
"Netherlands (Kingdom of the)",2018,15.59
"Saudi Arabia",2018,11.05
"Slovakia",2018,13.33
"Seychelles",2018,10.18
"Togo",2018,5.49
"Angola",2019,5.36
"Mauritania",2018,6.98
"United Arab Emirates",2019,7.4
"Colombia",2019,17.56
"Comoros",2019,4.12
"Dominica",2019,7.57
"Saint Kitts and Nevis",2018,6.28
"Maldives",2018,17.68
"Niue",2018,5.03
"Nauru",2018,10.8
"Philippines",2018,7.37
"Poland",2018,10.83
"Qatar",2018,8.68
"Russian Federation",2018,9.76
"Senegal",2018,4.96
"Eswatini",2018,9.97
"Trinidad and Tobago",2018,10.67
"Tunisia",2018,10.88
"Tuvalu",2018,11.9
"South Africa",2018,15.29
"Andorra",2019,14.86
"Brunei Darussalam",2019,6.39
"Bhutan",2019,10.24
"Congo",2019,5.11
"Denmark",2019,17.11
"Ecuador",2019,13.27
"Eritrea",2019,2.35
"Georgia",2019,9.39
"India",2019,3.37
"Iceland",2019,16.27
"Jamaica",2019,13.32
"Cambodia",2019,7.04
"Kiribati",2019,7.08
"Kuwait",2019,9.06
"Lao People's Democratic Republic",2019,5.12
"Sri Lanka",2019,7.27
"Luxembourg",2019,10.9
"Mali",2019,5.67
"Myanmar",2019,3.64
"Nicaragua",2019,18.93
"Norway",2019,17.52
"Palau",2019,16.07
"Qatar",2019,8.39
"Suriname",2019,14.51
"Slovakia",2019,13.47
"Timor-Leste",2019,4.19
"Albania",2019,9.84
"Burkina Faso",2019,9.58
"Bahrain",2019,7.06
"Malawi",2019,8.67
"Niue",2019,4.75
"Egypt",2019,4.82
"Ireland",2019,20.58
"Morocco",2019,7.39
"Nepal",2019,4.03
"Uzbekistan",2019,8.28
"Rwanda",2010,8.56
"Serbia",2010,13.56
"Zambia",2010,4.66
"Cameroon",2011,3.21
"Colombia",2011,16.48
"Bhutan",2011,6.15
"Côte d'Ivoire",2011,4.39
"Dominican Republic",2011,17.09
"Guinea",2011,3.18
"Lithuania",2011,10.73
"Djibouti",2011,8.47
"Eritrea",2011,2.35
"Hungary",2011,10.1
"Latvia",2011,8.6
"Mexico",2011,10.51
"Tuvalu",2019,13.86
"Vanuatu",2019,4.78
"Barbados",2019,10.62
"Côte d'Ivoire",2019,5.73
"Ethiopia",2019,4.76
"Gabon",2019,9.59
"Ghana",2019,6.55
"Gambia",2019,5.48
"Israel",2019,12.2
"Japan",2019,24.28
"Kyrgyzstan",2019,7.09
"Saint Lucia",2019,8.3
"Finland",2019,13.8
"Equatorial Guinea",2019,3.85
"Republic of Korea",2019,14.31
"Lesotho",2019,8.99
"Nigeria",2019,3.75
"Madagascar",2019,7.95
"Marshall Islands",2019,10.51
"Mongolia",2019,8.02
"Malaysia",2019,8.52
"Philippines",2019,7.81
"Portugal",2019,13.62
"Paraguay",2019,14.44
"Sudan",2019,5.37
"Singapore",2019,16.3
"Sierra Leone",2019,5.82
"San Marino",2019,32.92
"Eswatini",2019,9.97
"Turkmenistan",2019,8.71
"Sao Tome and Principe",2019,10.76
"Uruguay",2019,20.13
"Zambia",2018,7.16
"Austria",2019,16.15
"Bahamas",2019,15.32
"Djibouti",2019,4.28
"Indonesia",2019,8.68
"Iraq",2019,5.99
"Liberia",2019,4.21
"Namibia",2019,10.65
"Papua New Guinea",2019,6.54
"Poland",2019,11.02
"Solomon Islands",2019,9.98
"Seychelles",2019,10.18
"Tunisia",2019,9.52
"Uganda",2019,3.14
"North Macedonia",2011,12.74
"Mali",2011,2.94
"Mauritius",2011,7.36
"Pakistan",2011,2.54
"Qatar",2011,4.13
"Marshall Islands",2011,10.53
"Papua New Guinea",2011,7.6
"Sudan",2011,7.04
"Sierra Leone",2011,4.13
"Slovenia",2011,12.13
"Myanmar",2011,1.65
"Uruguay",2011,18.49
"United States of America",2011,18.85
"Saint Vincent and the Grenadines",2011,8.16
"Yemen",2011,3.66
"Togo",2011,5.67
"Tajikistan",2011,5.43
"Uganda",2011,6.9
"Argentina",2012,16.66
"Armenia",2012,7.04
"Cabo Verde",2019,10.39
"Cyprus",2019,9.99
"Algeria",2019,10.73
"Spain",2019,15.32
"Estonia",2019,12.87
"Guinea-Bissau",2019,2.75
"Kenya",2019,8.23
"Lithuania",2019,13.1
"Monaco",2019,5.65
"Republic of Moldova",2019,12.12
"Mozambique",2019,6.17
"New Zealand",2019,18.62
"Slovenia",2019,14.23
"Sweden",2019,18.77
"Türkiye",2019,9.5
"San Marino",2018,30.63
"Uganda",2018,4.17
"Venezuela (Bolivarian Republic of)",2018,3.38
"Cameroon",2019,2.18
"Grenada",2019,9.43
"Saint Vincent and the Grenadines",2019,9.51
"Viet Nam",2019,10.2
"Croatia",2019,12.06
"Montenegro",2019,11.52
"Nauru",2019,9.19
"Russian Federation",2019,10.2
"Ukraine",2019,7.68
"United States of America",2019,22.5
"Samoa",2019,13.59
"South Sudan",2018,2.11
"Chad",2018,4.87
"Zimbabwe",2018,7.86
"United Kingdom of Great Britain and Northern Ireland",2019,19.64
"Mauritania",2019,6.98
"Netherlands (Kingdom of the)",2019,15.91
"Panama",2019,21.94
"Peru",2019,15.4
"Senegal",2019,4.37
"Serbia",2019,12.03
"Thailand",2019,14.22
"Tonga",2019,7.51
"Bosnia and Herzegovina",2012,13.88
"Central African Republic",2012,4.29
"Canada",2012,18.1
"Cabo Verde",2012,8.86
"Costa Rica",2012,31.29
"United Arab Emirates",2012,8.53
"Australia",2012,16.29
"Brazil",2012,9.01
"Barbados",2012,12.41
"Cuba",2012,11.49
"Dominican Republic",2012,13.74
"Gabon",2012,6.19
"Gambia",2012,6.31
"Guinea-Bissau",2012,3.89
"Grenada",2012,9.11
"Tunisia",2011,12.39
"Austria",2012,14.51
"Cook Islands",2012,8.32
"Eritrea",2012,2.35
"Japan",2012,22.22
"Haiti",2012,2.78
"Hungary",2012,9.78
"Kiribati",2012,8.31
"Saint Kitts and Nevis",2012,7.06
"Lao People's Democratic Republic",2012,1.77
"Spain",2012,13.57
"Greece",2012,10.01
"Luxembourg",2012,10.59
"Republic of Moldova",2012,13.17
"Mali",2012,2.66
"Morocco",2012,7.17
"Monaco",2012,9.06
"Montenegro",2012,11.61
"Malaysia",2012,6.54
"Nicaragua",2012,15.57
"Norway",2012,17.18
"Nauru",2012,8.76
"Portugal",2012,12.1
"Paraguay",2012,16.23
"Qatar",2012,4.47
"Republic of Korea",2012,11.48
"Mauritius",2012,8.32
"Niger",2012,6.25
"Rwanda",2012,8.36
"Singapore",2012,13.21
"Saudi Arabia",2012,8.26
"Serbia",2012,12.84
"Sao Tome and Principe",2012,4.57
"Suriname",2012,6.59
"Trinidad and Tobago",2012,7.66
"Tunisia",2012,12.64
"Türkiye",2012,10.3
"Samoa",2012,11.64
"Bahamas",2013,15.01
"Barbados",2013,10.81
"Chad",2012,3.96
"Venezuela (Bolivarian Republic of)",2012,6.59
"Belarus",2013,8.74
"Belize",2013,12.27
"Bhutan",2013,7.1
"Togo",2019,5.38
"Tajikistan",2019,6.58
"Estonia",2013,11.82
"United Kingdom of Great Britain and Northern Ireland",2013,18.15
"Ghana",2013,8.62
"Greece",2013,8.25
"Grenada",2013,8.24
"Sweden",2012,17.73
"Andorra",2013,11.27
"Central African Republic",2013,7.34
"Micronesia (Federated States of)",2013,4.64
"Gabon",2013,5.26
"China",2013,9.42
"Djibouti",2013,6.74
"Denmark",2013,15.63
"Croatia",2013,11.34
"Iran (Islamic Republic of)",2013,16.05
"Hungary",2013,9.57
"Iceland",2013,14.27
"Sri Lanka",2013,10.1
"Lithuania",2013,11.3
"Republic of Moldova",2013,12.5
"Lebanon",2013,10.79
"Madagascar",2013,10.27
"Nauru",2013,8.07
"Pakistan",2013,3.25
"Sudan",2013,7.52
"Iraq",2013,2.38
"Luxembourg",2013,10.65
"Mexico",2013,11.24
"Nicaragua",2013,15.99
"Niue",2013,5.59
"Qatar",2013,6.18
"Sierra Leone",2013,5.15
"Uganda",2013,7.32
"Ukraine",2013,6.94
"Vanuatu",2013,9.8
"Suriname",2013,7.03
"United Republic of Tanzania",2013,6.31
"South Africa",2013,14.34
"United Arab Emirates",2014,7.78
"Antigua and Barbuda",2014,15.11
"Malta",2013,14.06
"Thailand",2013,13.74
"Turkmenistan",2013,8.71
"Burundi",2014,9.79
"Bosnia and Herzegovina",2014,14.43
"Austria",2014,14.34
"Bahrain",2014,10.09
"Switzerland",2014,10.35
"Congo",2014,1.95
"Dominican Republic",2014,14.48
"Zambia",2013,5.5
"Brazil",2014,9.6
"Canada",2014,18.87
"Côte d'Ivoire",2014,5.11
"Cyprus",2014,5.98
"Czechia",2014,14.72
"Djibouti",2014,6.07
"Eritrea",2014,2.35
"Finland",2014,13.59
"Gambia",2014,5.75
"Equatorial Guinea",2014,1.49
"Guatemala",2014,16.46
"Ireland",2014,18.04
"Iraq",2014,2.37
"Jordan",2014,13.06
"Lao People's Democratic Republic",2014,2.74
"Latvia",2014,8.38
"Morocco",2014,6.84
"Montenegro",2014,10.98
"Namibia",2014,9.29
"Estonia",2014,12.55
"Honduras",2014,11.55
"Israel",2014,11.38
"Malta",2014,13.9
"Mauritius",2014,10.53
"Fiji",2014,7.1
"Iceland",2014,14.45
"Pakistan",2014,3.34
"Panama",2014,18.87
"Papua New Guinea",2014,7.47
"Nicaragua",2014,16.91
"Niue",2014,6.03
"Netherlands (Kingdom of the)",2014,15.63
"Sao Tome and Principe",2014,7.78
"Slovenia",2014,11.79
"Seychelles",2014,9.73
"Togo",2014,4.59
"Tajikistan",2014,7.54
"Uzbekistan",2014,9.3
"Angola",2015,4.56
"Austria",2015,14.69
"Belgium",2015,15.38
"Bangladesh",2015,3.38
"Bulgaria",2015,10.23
"Brazil",2015,10.01
"Türkiye",2014,10.15
"Argentina",2015,16.5
"Burkina Faso",2015,7.15
"Chile",2015,16.02
"China",2015,9.42
"Samoa",2014,12.52
"Australia",2015,18.43
"Bahamas",2015,13.66
"Bolivia (Plurinational State of)",2015,9.66
"Czechia",2015,14.11
"Central African Republic",2015,3.26
"Côte d'Ivoire",2015,4.87
"Cameroon",2015,1.81
"Colombia",2015,17.04
"Germany",2015,19.5
"Eritrea",2015,2.35
"Gambia",2015,5.1
"Iran (Islamic Republic of)",2015,22.6
"Kenya",2015,8.07
"Kiribati",2015,6.69
"Saint Kitts and Nevis",2015,6.61
"Kuwait",2015,6.57
"Saint Lucia",2015,8.4
"Republic of Moldova",2015,12.21
"Namibia",2015,9.65
"Oman",2015,8.26
"Pakistan",2015,3.85
"Palau",2015,10.99
"Papua New Guinea",2015,6.03
"Portugal",2015,11.91
"Djibouti",2015,4.07
"Haiti",2015,4.4
"Iraq",2015,1.68
"Nicaragua",2015,17.63
"Seychelles",2015,10.03
"Jamaica",2015,12.82
"Japan",2015,23.15
"Sri Lanka",2015,8.4
"Luxembourg",2015,10.63
"Niue",2015,5.59
"Trinidad and Tobago",2015,8.31
"Tunisia",2015,12.29
"Türkiye",2015,9.69
"Uruguay",2015,19.92
"United States of America",2015,22.31
"Sao Tome and Principe",2015,4.94
"Sweden",2015,18.39
"Tajikistan",2015,6.41
"Tonga",2015,7.38
"Antigua and Barbuda",2016,11.61
"Samoa",2015,14.34
"Australia",2016,18.59
"Bangladesh",2016,4.1
"Bahrain",2016,8.53
"Barbados",2016,9.29
"Cook Islands",2016,7.65
"Costa Rica",2016,28.55
"Dominica",2016,7.28
"Ecuador",2016,11.45
"Egypt",2016,5.06
"Estonia",2016,12.66
"Finland",2016,13.12
"Fiji",2016,6.67
"Micronesia (Federated States of)",2016,5.64
"Gabon",2016,9.2
"Albania",2016,9.62
"Denmark",2016,16.44
"Guinea-Bissau",2016,2.36
"Kuwait",2016,7.51
"Lao People's Democratic Republic",2016,3.66
"United Kingdom of Great Britain and Northern Ireland",2016,19.08
"Greece",2016,8.69
"Indonesia",2016,8.18
"Jordan",2016,12.22
"Cambodia",2016,6.32
"Lebanon",2016,12.98
"Liberia",2016,3.9
"Morocco",2016,7.02
"Marshall Islands",2016,12.15
"Mali",2016,5.43
"Belarus",2016,10.31
"Canada",2016,18.86
"Cabo Verde",2016,10.39
"Sri Lanka",2016,8.56
"Nigeria",2016,4.87
"Latvia",2016,9.14
"Mozambique",2016,6
"Malawi",2016,9.68
"Slovakia",2016,13.33
"Tunisia",2016,12.63
"Singapore",2016,13.4
"Sierra Leone",2016,7.91
"Sweden",2016,18.4
"Thailand",2016,15.06
"Uganda",2016,5.18
"Ukraine",2016,8.97
"Venezuela (Bolivarian Republic of)",2016,7.33
"South Africa",2016,15.29
"Burundi",2017,8.78
"Bahamas",2017,16.89
"Botswana",2017,14.32
"Chile",2017,17.97
"Congo",2017,3.41
"Comoros",2017,3.59
"Algeria",2017,10.73
"Türkiye",2016,9.65
"Switzerland",2017,10.89
"Côte d'Ivoire",2017,5.15
"Democratic Republic of the Congo",2017,3.98
"Micronesia (Federated States of)",2017,4.95
"Nauru",2016,10.33
"Bulgaria",2017,11.62
"Cameroon",2017,0.73
"Cook Islands",2017,8.22
"Croatia",2017,12.36
"Finland",2017,13.28
"Gabon",2017,9.72
"Guinea-Bissau",2017,2.75
"Equatorial Guinea",2017,2.94
"Haiti",2017,4.76
"Kenya",2017,6.8
"Saint Kitts and Nevis",2017,8.12
"Kuwait",2017,7.76
"Lebanon",2017,11.86
"Monaco",2017,6.75
"Republic of Moldova",2017,11.65
"North Macedonia",2017,11.83
"Mali",2017,5.14
"Niger",2017,9.66
"Netherlands (Kingdom of the)",2017,15.34
"Nepal",2017,4.51
"New Zealand",2017,19.27
"Palau",2017,17.39
"Poland",2017,10.94
"Portugal",2017,12.54
"Ghana",2017,6.04
"Honduras",2017,10.63
"Norway",2017,17.4
"Sudan",2017,8.05
"Singapore",2017,15.33
"Paraguay",2017,15.54
"Qatar",2017,7.83
"Romania",2017,12.09
"Senegal",2017,4.5
"Solomon Islands",2017,7.28
"Mongolia",2017,7.65
"Malawi",2017,8.19
"Nigeria",2017,4.44
"El Salvador",2017,16.51
"Sao Tome and Principe",2017,10.76
"Serbia",2017,11.79
"Turkmenistan",2017,8.71
"Trinidad and Tobago",2017,11.17
"Austria",2018,15.81
"Bahamas",2018,15.7
"Vanuatu",2017,3.96
"Albania",2018,9.8
"Burundi",2018,8.31
"Bulgaria",2018,11.42
"Cameroon",2018,1.96
"Canada",2018,18.63
"Cook Islands",2018,6.36
"Cyprus",2018,6.73
"Czechia",2018,15.56
"Ecuador",2018,13.09
"Egypt",2018,4.72
"Ethiopia",2018,4.76
"France",2018,15.27
"Gabon",2018,9.42
"Ghana",2018,6.42
"Guinea",2018,3.85
"Guinea-Bissau",2018,2.75
"Equatorial Guinea",2018,3.23
"Croatia",2018,12.25
"Ireland",2018,20.13
"Iraq",2018,6.19
"Iceland",2018,15.74
"Japan",2018,24.49
"Kyrgyzstan",2018,7.33
"Lao People's Democratic Republic",2018,4.16
"San Marino",2017,28.94
"Venezuela (Bolivarian Republic of)",2017,7.41
"Bhutan",2018,7.7
"Algeria",2018,10.73
"Malta",2018,15.18
"Dominican Republic",2018,15.44
"Fiji",2018,7.71
"United Kingdom of Great Britain and Northern Ireland",2018,19.14
"Montenegro",2018,10.53
"Paraguay",2018,14.71
"Luxembourg",2018,10.6
"Mongolia",2018,7.78
"Nicaragua",2018,18.74
"Norway",2018,17.6
"Solomon Islands",2018,7.69
"Malaysia",2018,8.45
"New Zealand",2018,18.96
"Pakistan",2018,4.9
"Peru",2018,14.92
"Sierra Leone",2018,3.6
"Turkmenistan",2018,8.71
"Türkiye",2018,9.23
"Ukraine",2018,8.37
"United States of America",2018,22.51
"Saint Vincent and the Grenadines",2018,10.19
"Slovenia",2018,13.78
"Uruguay",2018,20.3
"Vanuatu",2018,6.44
"Benin",2019,3.71
"Bangladesh",2019,3.3
"Viet Nam",2018,10.22
"Afghanistan",2019,1.78
"Azerbaijan",2019,3.95
"Bulgaria",2019,11.56
"Brazil",2019,10.48
"Germany",2019,20.06
"Dominican Republic",2019,15.62
"Fiji",2019,8.32
"France",2019,15.07
"Micronesia (Federated States of)",2019,5.32
"Canada",2019,18.8
"Chile",2019,18.01
"Democratic Republic of the Congo",2019,4.36
"Costa Rica",2019,24.1
"Czechia",2019,15.68
"Guatemala",2019,17.65
"Guyana",2019,10.33
"Honduras",2019,11.17
"Haiti",2019,4.02
"Iran (Islamic Republic of)",2019,21.4
"Bosnia and Herzegovina",2019,15.37
"Cuba",2019,15.52
"Hungary",2019,9.36
"Italy",2019,13.17
"Latvia",2019,10.38
"Jordan",2019,12.76
"Kazakhstan",2019,8.25
"Saint Kitts and Nevis",2019,6.7
"Lebanon",2019,11.44
"Maldives",2019,17.85
"Mexico",2019,10.32
"North Macedonia",2019,13.56
"Malta",2019,16.02
"Mauritius",2019,10.2
"Niger",2019,9.38
"Pakistan",2019,4.95
"Romania",2019,12.7
"Rwanda",2019,8.88
"El Salvador",2019,17.33
"Chad",2019,4.87
"Trinidad and Tobago",2019,10.24
"United Republic of Tanzania",2019,9.44
"Venezuela (Bolivarian Republic of)",2019,4.91
"Zambia",2019,7.16
"Zimbabwe",2019,3.94
"Guinea",2019,6.15
"Greece",2019,8.35
"South Sudan",2019,2.11
"Oman",2019,8.59
"South Africa",2019,15.29
"Lower-middle-income economies",2001,7.91
"Eastern Mediterranean",2011,7.09
"Europe",2004,11.95
"Lower-middle-income economies",2009,7.09
"Western Pacific",2004,10.45
"Europe",2019,12.79
"Western Pacific",2008,9.78
"Low-income economies",2013,5.26
"Upper-middle-income economies",2010,10.63
"World",2019,10.45
"World",2015,10.03
"Western Pacific",2014,9.55
"Lower-middle-income economies",2007,7.35
"Western Pacific",2003,10.52
"High-income economies",2004,12.42
"South-East Asia",2001,5.82
"Lower-middle-income economies",2018,7.71
"Upper-middle-income economies",2013,10.87
"Europe",2001,10.96
"Eastern Mediterranean",2009,7.52
"Africa",2018,6.73
"Upper-middle-income economies",2017,11.54
"Americas",2019,13.74
"Americas",2010,12.79
"Lower-middle-income economies",2019,7.72
"World",2007,9.66
"Eastern Mediterranean",2001,7.92
"Lower-middle-income economies",2012,7.21
"Europe",2007,11.74
"Africa",2001,7.22
"Western Pacific",2005,10.52
"High-income economies",2007,12.39
"Western Pacific",2007,10.48
"Western Pacific",2011,9.57
"Lower-middle-income economies",2013,7.4
"Low-income economies",2005,6.85
"Low-income economies",2003,7.5
"Upper-middle-income economies",2018,11.64
"World",2014,9.95
"South-East Asia",2015,7.89
"Europe",2014,12.19
"Lower-middle-income economies",2000,8.23
"Africa",2006,6.94
"South-East Asia",2010,6.17
"South-East Asia",2017,8.02
"South-East Asia",2008,6.89
"Lower-middle-income economies",2004,7.58
"Upper-middle-income economies",2002,10.12
"South-East Asia",2003,6.1
"World",2003,9.8
"Upper-middle-income economies",2008,10.23
"World",2016,10.35
"South-East Asia",2016,7.84
"Low-income economies",2009,5.84
"Upper-middle-income economies",2004,10.41
"Western Pacific",2017,10
"South-East Asia",2014,7.37
"High-income economies",2011,12.67
"High-income economies",2017,13.63
"World",2012,9.58
"Lower-middle-income economies",2017,7.56
"Upper-middle-income economies",2019,11.77
"South-East Asia",2000,6.33
"Africa",2019,6.81
"High-income economies",2012,12.56
"Europe",2012,11.97
"Africa",2009,6.11
"High-income economies",2010,12.38
"High-income economies",2006,12.83
"Lower-middle-income economies",2008,7.13
"High-income economies",2003,12.37
"Low-income economies",2000,7.08
"Western Pacific",2012,9.49
"South-East Asia",2005,6.04
"Americas",2004,11.9
"Upper-middle-income economies",2003,10.1
"Europe",2018,12.51
"Upper-middle-income economies",2007,10.43
"Lower-middle-income economies",2011,7.25
"Europe",2015,12.13
"Upper-middle-income economies",2014,11.11
"High-income economies",2009,12.31
"Africa",2014,6.58
"High-income economies",2001,11.91
"Upper-middle-income economies",2005,10.14
"Europe",2009,11.71
"Americas",2014,13.2
"Africa",2002,7.1
"World",2002,9.69
"Western Pacific",2001,11.42
"Africa",2004,7.58
"Upper-middle-income economies",2009,10.5
"Eastern Mediterranean",2002,7.41
"Western Pacific",2002,10.88
"Eastern Mediterranean",2012,7.07
"South-East Asia",2009,6.57
"Western Pacific",2010,9.3
"South-East Asia",2013,7.02
"South-East Asia",2002,6.36
"High-income economies",2015,12.96
"Americas",2016,13.82
"Eastern Mediterranean",2010,7.2
"World",2006,9.81
"Americas",2003,11.57
"Americas",2017,13.71
"Western Pacific",2006,11.43
"Upper-middle-income economies",2015,11.26
"Africa",2010,6.43
"Low-income economies",2004,7.33
"Low-income economies",2010,5.53
"South-East Asia",2007,6.4
"Africa",2011,6.39
"Lower-middle-income economies",2016,7.44
"High-income economies",2008,12.29
"Low-income economies",2006,6.41
"Eastern Mediterranean",2007,7.1
"Europe",2010,11.88
"Europe",2003,11.8
"Americas",2000,11.96
"Low-income economies",2002,7.14
"Lower-middle-income economies",2002,7.94
"Europe",2006,11.96
"Low-income economies",2017,5.82
"High-income economies",2000,11.55
"Lower-middle-income economies",2015,7.44
"Europe",2008,11.7
"World",2000,9.7
"Low-income economies",2019,5.56
"Upper-middle-income economies",2011,10.71
"South-East Asia",2012,6.48
"Africa",2007,6.7
"Africa",2015,6.46
"Low-income economies",2015,5.99
"Americas",2002,11.58
"Americas",2008,12.14
"Eastern Mediterranean",2016,8.72
"Lower-middle-income economies",2005,7.79
"Americas",2005,11.67
"World",2010,9.55
"Africa",2005,7.38
"World",2017,10.34
"Western Pacific",2018,10.28
"Western Pacific",2019,10.29
"World",2001,9.71
"Western Pacific",2000,10.51
"World",2018,10.35
"Europe",2000,10.98
"Low-income economies",2016,6.63
"Eastern Mediterranean",2017,8.65
"High-income economies",2002,11.86
"Africa",2013,6.36
"Americas",2007,12.14
"Africa",2016,6.97
"World",2013,9.68
"Africa",2003,7.57
"High-income economies",2005,12.31
"Upper-middle-income economies",2000,10.22
"Africa",2012,6.3
"South-East Asia",2019,7.68
"World",2008,9.4
"Americas",2018,13.67
"Lower-middle-income economies",2006,7.7
"Western Pacific",2015,9.43
"Western Pacific",2016,9.81
"Americas",2015,13.6
"Eastern Mediterranean",2006,6.95
"Europe",2011,12.04
"Western Pacific",2009,9.63
"High-income economies",2019,13.83
"Low-income economies",2014,5.63
"Eastern Mediterranean",2013,7.34
"Africa",2017,6.86
"Europe",2013,11.88
"Western Pacific",2013,9.65
"South-East Asia",2018,7.68
"South-East Asia",2004,6.43
"Eastern Mediterranean",2014,8.09
"World",2004,9.86
"Americas",2009,12.59
"High-income economies",2013,12.5
"Eastern Mediterranean",2008,6.72
"Lower-middle-income economies",2010,7.21
"Low-income economies",2008,5.6
"Low-income economies",2012,5.17
"Europe",2005,11.94
"Eastern Mediterranean",2004,6.91
"Eastern Mediterranean",2015,8.54
"Lower-middle-income economies",2003,7.65
"Low-income economies",2007,6.27
"Americas",2012,12.74
"Low-income economies",2001,7.48
"Eastern Mediterranean",2003,7.35
"Eastern Mediterranean",2019,8.14
"Americas",2011,12.86
"Americas",2006,11.61
"Lower-middle-income economies",2014,7.41
"South-East Asia",2011,6.06
"World",2005,9.73
"Europe",2017,12.34
"Africa",2008,6.25
"Eastern Mediterranean",2000,7.68
"Upper-middle-income economies",2012,10.75
"Americas",2001,11.67
"High-income economies",2014,13.01
"Eastern Mediterranean",2018,8.45
"World",2011,9.63
"Europe",2002,11.44
"Americas",2013,12.89
"South-East Asia",2006,6.53
"Africa",2000,7.47
"Low-income economies",2018,5.46
"World",2009,9.5
"High-income economies",2018,13.65
"Low-income economies",2011,5.17
"Eastern Mediterranean",2005,6.83
"Upper-middle-income economies",2016,11.51
"Europe",2016,12.37
"Upper-middle-income economies",2001,9.98
"Upper-middle-income economies",2006,10.07
"High-income economies",2016,13.41
